Var,182,49,75,30,81,128,65,72,93,224,61,42,19,38,36,231,198,73,46,130,86,223,122,129,94,233,185,57,216,227,138,234,99,78,125,229,232,142,31,59,9,186,63,217,3,58,136,211,113,226,225,184,188,1490,11,220,133,200,219,132,115,121,91,83,235,
ACTIVO,BANCO BILBAO VIZCAYA ARGENTARIA,BANCO SANTANDER ,BANCO POPULAR ESPAÑOL ,BANCO ESPAÑOL DE CRÉDITO ,BANCO SABADELL,BANKINTER ,BARCLAYS BANK ,BANCO PASTOR ,BANCO DE VALENCIA,SANTANDER CONSUMER FINANCE,BANCA MARCH,BANCO GUIPUZCOANO,DEUTSCHE BANK S.A.E.,BANESTO BANCO DE EMISIONES ,SANTANDER INVESTMENT,DEXIA SABADELL,BANCO COOPERATIVO ESPAÑOL ,OPEN BANK,BANCO GALLEGO,BANCO CAIXA GERAL,BANCO BANIF,GENERAL ELECTRIC CAPITAL BANK,CITIBANK ESPAÑA ,BBVA BANCO DE FINANCIACIÓN,RBC DEXIA INVESTOR SERVICES ESPAÑA,POPULAR BANCA PRIVADA,BANCO URQUIJO SABADELL BANCA PRIVADA ,BANCO DEPOSITARIO BBVA ,BANCO POPULAR HIPOTECARIO ,UNO-E BANK,BANKOA ,BANCO CAMINOS,ALTAE BANCO,BANCA PUEYO,BANCOFAR ,BANCOPOPULAR-E,BANCO INVERSIS,BANCO DE LA PEQUEÑA Y MEDIANA EMPRESA,BANCO ETCHEVERRÍA ,BANCO DE MADRID ,"FINANZIA, BANCO DE CRÉDITO ","BANCO DE FINANZAS E INVERSIONES, (FIBANC)",BANCO DE SERVICIOS FINANCIEROS CAJA MADRID - MAPFRE,BANCO HALIFAX HISPANIA,BANCO DE DEPÓSITOS,BNP PARIBAS ESPAÑA ,ARESBANK ,EBN BANCO DE NEGOCIOS,BANCO INDUSTRIAL DE BILBAO ,UBS BANK,BANCO CETELEM,BANCO EUROPEO DE FINANZAS,BANCO ALCALÁ ,SELF TRADE BANK,ALLFUNDS BANK,BANCO FINANTIA SOFINLOC ,MICROBANK DE LA CAIXA,PRIVAT BANK DEGROOF,BANQUE MAROCAINE DU COMMERCE EXTERIEUR INTERNAL.,BANCO DE PROMOCIÓN DE NEGOCIOS ,BANCO LIBERTA,BANCO OCCIDENTAL ,BANCO DE ALBACETE ,BANCO ALICANTINO DE COMERCIO,"BANCO PICHINCHA ESPAÑA, S.A.",TOTAL BANCOS
1. CAJA Y DEPÓSITOS EN BANCOS CENTRALES,"44,00,733","2,90,39,954","14,05,376","6,85,560","14,75,515","2,61,845","5,28,602","1,69,147","1,16,306","1,15,888","2,02,390","1,60,699","1,72,716",0,"43,453","7,070","12,31,622","73,037","41,406","34,691","49,015","1,275","1,01,060","32,010","1,847","11,821","20,927",0,119,"14,873","23,835","4,578","18,347","18,460","9,600","5,796","8,449","22,042","16,350","5,153",243,"4,677",106,"37,310","5,415","5,462","8,669","1,723",0,"14,720",2,"1,524",207,"1,411",442,"1,887",0,"1,234","5,463",0,0,0,0,0,169,"4,06,22,231"
2. CARTERA DE NEGOCIACIÓN  ,"5,73,20,551","6,85,32,788","21,72,619","89,14,953","11,64,728","30,00,403","43,037","24,04,567","1,17,505","1,51,760","21,712","1,78,739","2,28,908","8,260",0,"99,014","16,10,517",496,"3,367",0,"1,66,974",0,83,"1,86,337",270,4,"24,083",0,0,0,"7,902",231,0,1,0,35,"1,27,294",446,253,548,0,256,0,0,0,"39,451",0,"1,49,885",0,"1,778",0,0,0,0,574,314,0,0,"1,151",0,0,0,0,0,"2,205","14,66,83,999"
2. 1. Depósitos en entidades de crédito  ,0,0,0,0,0,0,0,0,0,0,0,0,0,0,0,0,0,0,0,0,0,0,0,0,0,0,0,0,0,0,0,0,0,0,0,0,0,0,0,0,0,0,0,0,0,0,0,0,0,0,0,0,0,0,0,0,0,0,0,0,0,0,0,0,"2,205","2,205"
2. 2. Crédito a la clientela ,0,"28,410",0,"19,796",0,0,0,0,0,0,0,0,0,0,0,0,0,0,0,0,0,0,0,0,0,0,0,0,0,0,0,0,0,0,0,0,0,0,0,0,0,0,0,0,0,0,0,0,0,0,0,0,0,0,0,0,0,0,0,0,0,0,0,0,0,"48,206"
2. 3. Valores representativos de deuda  ,"1,50,85,299","2,39,57,069","47,102","12,49,353",14,"21,70,479",127,"23,09,241",0,0,0,"70,921","1,757",0,0,0,"13,05,024",0,0,0,"1,14,646",0,0,0,4,0,0,0,0,0,"5,465",0,0,0,0,0,"1,21,115",417,0,0,0,0,0,0,0,0,0,"1,08,283",0,0,0,0,0,0,0,0,0,0,0,0,0,0,0,0,0,"4,65,46,316"
2. 4.  Instrumentos de capital  ,"60,85,211","41,01,542","6,70,765","22,24,935",0,"2,09,588",0,"5,797",0,0,0,0,0,0,0,0,"10,112",496,139,0,0,0,0,0,0,0,0,0,0,0,0,0,0,0,0,0,"6,174",0,199,0,0,0,0,0,0,0,0,517,0,0,0,0,0,0,0,0,0,0,"1,151",0,0,0,0,0,0,"1,33,16,626"
2. 5. Derivados de negociación ,"3,61,50,041","4,04,45,767","14,54,752","54,20,869","11,64,714","6,20,336","42,910","89,529","1,17,505","1,51,760","21,712","1,07,818","2,27,151","8,260",0,"99,014","2,95,381",0,"3,228",0,"52,328",0,83,"1,86,337",266,4,"24,083",0,0,0,"2,437",231,0,1,0,35,5,29,54,548,0,256,0,0,0,"39,451",0,"41,085",0,"1,778",0,0,0,0,574,314,0,0,0,0,0,0,0,0,0,"8,67,70,646"
Pro-memoria: Prestados o en garantía  ,"97,78,696","51,69,222",0,"11,44,500",0,"18,26,077",0,"30,497",0,0,0,"70,830",0,0,0,0,"7,75,288",0,0,0,0,0,0,0,0,0,0,0,0,0,0,0,0,0,0,0,"2,091",0,0,0,0,0,0,0,0,0,0,"1,04,609",0,0,0,0,0,0,0,0,0,0,0,0,0,0,0,0,0,"1,89,01,810"
3. OTROS ACTIVOS FINANCIEROS A VALOR RAZONABLE CON CAMBIOS EN PÉRDIDAS Y GANANCIAS,0,"2,16,91,514",0,0,0,"21,116",0,"9,00,248",0,0,0,0,0,0,0,0,0,0,"1,583",0,0,0,0,0,0,"5,331",0,0,0,0,0,"16,931",0,0,0,0,"1,146",0,0,0,0,0,0,0,0,0,0,0,0,0,0,0,0,0,32,0,0,0,0,0,0,0,0,0,"1,802","2,26,39,703"
3. 1. Depósitos en entidades de crédito  ,0,"1,80,22,534",0,0,0,0,0,0,0,0,0,0,0,0,0,0,0,0,0,0,0,0,0,0,0,0,0,0,0,0,0,0,0,0,0,0,0,0,0,0,0,0,0,0,0,0,0,0,0,0,0,0,0,0,0,0,0,0,0,0,0,0,0,0,0,"1,80,22,534"
3. 2. Crédito a la clientela  ,0,"36,68,980",0,0,0,0,0,0,0,0,0,0,0,0,0,0,0,0,0,0,0,0,0,0,0,0,0,0,0,0,0,0,0,0,0,0,0,0,0,0,0,0,0,0,0,0,0,0,0,0,0,0,0,0,0,0,0,0,0,0,0,0,0,0,"1,802","36,70,782"
3. 3. Valores representativos de deuda ,0,0,0,0,0,0,0,"9,00,248",0,0,0,0,0,0,0,0,0,0,"1,583",0,0,0,0,0,0,0,0,0,0,0,0,"16,931",0,0,0,0,"1,146",0,0,0,0,0,0,0,0,0,0,0,0,0,0,0,0,0,0,0,0,0,0,0,0,0,0,0,0,"9,19,908"
3. 4. Instrumentos de capital  ,0,0,0,0,0,"21,116",0,0,0,0,0,0,0,0,0,0,0,0,0,0,0,0,0,0,0,"5,331",0,0,0,0,0,0,0,0,0,0,0,0,0,0,0,0,0,0,0,0,0,0,0,0,0,0,0,0,32,0,0,0,0,0,0,0,0,0,0,"26,479"
Pro-memoria: Prestados o en garantía  ,0,"80,89,035",0,0,0,0,0,"9,00,248",0,0,0,0,0,0,0,0,0,0,0,0,0,0,0,0,0,0,0,0,0,0,0,0,0,0,0,0,0,0,0,0,0,0,0,0,0,0,0,0,0,0,0,0,0,0,0,0,0,0,0,0,0,0,0,0,0,"89,89,283"
4. ACTIVOS FINANCIEROS DISPONIBLES PARA LA VENTA  ,"2,94,42,863","2,48,85,316","1,51,37,024","1,12,99,322","1,00,68,437","41,22,236","45,89,011","25,64,260","9,38,687",0,"2,47,674","10,15,232","3,716",0,832,"45,40,749","21,74,986",0,"2,05,962","2,02,597","7,11,268",0,"6,456",61,"42,800","1,25,396","31,801",0,"3,651",314,"72,288","1,78,134","4,01,416","1,79,181",32,0,"1,84,512","68,735","35,163","27,823",415,"2,70,584",8,510,0,"1,670",0,"60,109","9,091","1,235",0,"86,896","14,989",0,0,"94,606",0,377,0,0,0,0,0,0,"12,678","11,40,61,103"
4. 1. Valores representativos de deuda ,"2,47,14,169","2,35,49,093","1,47,44,569","1,10,25,566","92,48,101","40,78,349","45,78,872","25,06,183","8,32,692",0,"2,00,304","9,90,067",499,0,0,"45,40,749","21,63,969",0,"1,69,820","2,02,259","5,37,363",0,0,0,"41,206","1,21,685","30,666",0,"3,651",0,"68,872","1,69,960","4,01,402","1,63,177",0,0,"1,84,512","68,162","24,310","22,261",0,"2,21,917",0,0,0,0,0,"2,191",0,0,0,"83,146",0,0,0,"94,604",0,0,0,0,0,0,0,0,"12,678","10,57,97,024"
4. 2. Instrumentos de capital  ,"47,28,694","13,36,223","3,92,455","2,73,756","8,20,336","43,887","10,139","58,077","1,05,995",0,"47,370","25,165","3,217",0,832,0,"11,017",0,"36,142",338,"1,73,905",0,"6,456",61,"1,594","3,711","1,135",0,0,314,"3,416","8,174",14,"16,004",32,0,0,573,"10,853","5,562",415,"48,667",8,510,0,"1,670",0,"57,918","9,091","1,235",0,"3,750","14,989",0,0,2,0,377,0,0,0,0,0,0,0,"82,64,079"
Pro-memoria: Prestados o en garantía  ,"2,10,99,083","18,40,803","50,78,391","84,68,410","54,56,576","30,78,087","45,89,011","13,43,663","3,94,329",0,"48,465","9,56,489",0,0,0,"8,16,201","8,46,683",0,"45,077","8,284","2,08,744",0,0,0,0,0,0,0,0,0,"40,370","59,243",0,0,0,0,0,"7,995",0,0,0,"52,957",0,0,0,0,0,0,0,0,0,0,0,0,0,0,0,0,0,0,0,0,0,0,0,"5,44,38,861"
5. INVERSIONES CREDITICIAS  ,"26,10,59,958","22,76,51,452","9,51,60,140","9,64,70,622","6,72,00,284","4,50,18,975","3,08,94,433","2,45,41,139","2,11,82,363","2,16,39,304","81,50,266","75,51,246","1,52,76,173","64,21,012","74,83,757","1,24,73,087","63,42,072","43,09,474","34,73,389","59,86,242","63,40,056","17,61,072","35,89,717","21,08,190","24,96,744","9,12,950","15,19,764","9,68,039","20,23,901","13,35,110","14,79,654","6,34,190","1,60,205","6,98,037","18,23,804","10,26,632","5,78,401","4,68,810","5,23,793","6,69,011","68,71,093","1,82,072","35,03,576","18,10,961","3,33,963","4,92,719","10,36,965","3,44,964","1,26,064","7,74,594","29,55,164","81,352","49,080","97,282","1,97,150","35,969","2,57,018","88,938","1,25,941","33,130","20,928","17,853","12,684","9,125",34,"1,01,88,62,087"
5. 1. Depósitos en entidades de crédito ,"3,19,25,768","4,86,46,718","81,50,531","2,18,51,587","42,95,368","45,05,713","45,30,479","22,74,521","3,47,267","1,45,61,962","2,61,716","2,14,469","13,33,094","64,21,012","51,68,718","7,85,087","58,55,349","32,91,966","46,669","11,00,908","14,64,016","14,947","19,78,046","21,08,190","20,56,092","8,20,820","4,74,019","9,22,484",0,"3,00,222","41,271","36,555","1,10,864","48,511","31,302","1,17,506","2,99,170","57,378","74,365","48,804","20,73,963","53,965","35,03,529","2,361","2,39,299","1,03,266","10,08,587","28,760","1,26,064","3,10,388","55,934","80,456","44,992","81,059","1,75,436","35,334",161,"25,004","52,475","33,130","20,894","17,853","8,683","9,125",34,"18,46,64,216"
5. 2. Crédito a la clientela  ,"22,91,34,190","16,98,93,556","8,70,09,609","7,40,04,429","6,29,04,916","4,05,13,262","2,63,63,954","2,17,78,399","1,87,71,213","51,43,545","78,88,550","73,36,777","1,39,43,079",0,"23,15,039","1,16,88,000","4,86,723","24,117","34,26,720","48,85,334","48,76,040","17,46,125","16,11,671",0,"4,40,652","92,130","10,45,745","45,555","20,23,901","10,34,888","14,38,383","5,97,635","49,341","6,49,526","16,18,576","9,09,126","2,79,231","4,11,432","4,49,428","6,20,197","47,97,130","1,28,107",47,"18,08,600","94,664","3,89,453","28,378","3,16,204",0,"4,64,206","28,99,230",896,"4,088","16,223","21,714",635,"2,56,857","63,898","70,029",0,34,0,"4,001",0,0,"81,88,15,388"
5. 3. Valores representativos de deuda  ,0,"91,11,178",0,"6,14,606",0,0,0,"4,88,219","20,63,883","19,33,797",0,0,0,0,0,0,0,"9,93,391",0,0,0,0,0,0,0,0,0,0,0,0,0,0,0,0,"1,73,926",0,0,0,0,10,0,0,0,0,0,0,0,0,0,0,0,0,0,0,0,0,0,36,"3,437",0,0,0,0,0,0,"1,53,82,483"
Pro-memoria: Prestados o en garantía  ,"4,22,06,378","1,98,376","2,48,83,578","3,02,079","7,94,697",0,"19,48,417","86,98,192","1,25,50,258","13,50,000","66,633",0,"7,93,682",0,"18,31,760",0,0,0,0,"3,116","1,50,598",0,0,0,"17,84,132",0,"35,640",0,0,0,"4,92,915","36,517","45,721",0,0,0,"5,629",0,0,"56,763","15,15,135","2,524",0,0,0,0,0,0,0,0,0,0,"26,770",0,0,0,0,0,0,0,0,0,0,0,0,"9,97,79,510"
6. CARTERA DE INVERSIÓN A VENCIMIENTO ,"94,81,399",0,"23,93,054","20,69,145",0,"16,99,134",0,"7,40,565",0,0,0,"9,99,670",0,0,0,0,0,0,"4,15,927",3,0,0,0,0,0,"3,74,141",0,0,0,0,"72,145","96,209",0,0,0,0,0,"56,589","9,601",0,0,0,0,0,0,0,0,"41,861",0,0,0,"11,039","79,785","16,035",0,0,0,0,0,0,0,0,0,0,"3,790","1,85,60,092"
Pro-memoria: Prestados o en garantía  ,0,0,"9,98,125","20,69,145",0,"7,68,667",0,"3,69,007",0,0,0,"5,85,064",0,0,0,0,0,0,0,0,0,0,0,0,0,0,0,0,0,0,"43,150","81,825",0,0,0,0,0,0,0,0,0,0,0,0,0,0,0,"17,836",0,0,0,0,"79,096",235,0,0,0,0,0,0,0,0,0,0,0,"50,12,150"
7. AJUSTES A ACTIVOS FINANCIEROS POR MACRO-COBERTURAS ,0,0,0,"1,29,088",0,"8,914",0,0,0,0,0,0,0,0,0,0,0,0,0,0,0,0,0,0,0,0,0,0,0,0,0,0,0,0,0,0,0,0,0,0,0,0,0,0,0,0,0,0,0,0,0,0,0,0,0,0,0,0,0,0,0,0,0,0,0,"1,38,002"
8. DERIVADOS DE COBERTURA ,"36,47,545","43,92,299","10,53,418","14,85,231","7,51,042","2,44,493",603,"2,02,126","7,024","98,556","1,34,041","77,917","1,86,657",0,0,"2,32,240",2,0,"27,918","4,282",0,0,0,0,0,"3,16,639",479,0,"62,748",0,0,0,0,0,0,"14,204",0,0,0,181,"1,059",0,"1,07,821",0,0,0,0,0,0,0,0,0,0,0,0,0,0,0,0,0,0,0,0,0,0,"1,30,48,525"
9. ACTIVOS NO CORRIENTES EN VENTA ,"6,93,564","6,71,801","8,72,650","9,45,344","78,567","16,784","20,473","1,66,504","74,146","54,096","32,649","58,236","18,160",0,0,0,0,0,"1,852","13,728","4,592","15,880",0,0,0,0,0,0,"1,48,807",12,"1,128",0,0,609,0,0,0,"1,662",955,0,"1,100",0,0,"15,880",0,0,67,0,1,0,0,0,0,0,0,23,0,"2,517",0,3,0,0,0,0,0,"39,11,790"
10. PARTICIPACIONES ,"2,38,14,349","5,96,35,782","17,60,594","6,12,900","9,34,340","5,17,927","26,791","1,46,451","2,39,681","42,73,847","3,04,591","2,94,834","21,721",0,"1,15,271",0,"20,883",33,"23,558",6,"81,598","3,46,231","88,073",7,"1,159","4,006",0,0,0,"7,385","4,921","33,606",1,"1,116",0,0,"1,07,399","8,802",640,"2,301","1,21,318","4,350","3,69,905",698,0,"23,290","4,366","26,248","1,45,061","9,704",661,"10,000","1,112",0,"10,110",0,0,"4,890",0,0,0,10,4,0,50,"9,41,62,581"
10. 1. Entidades asociadas ,"35,82,356","1,41,879","3,211","10,492","2,76,458","3,087",0,"1,387","53,266",0,0,456,0,0,0,0,"9,434",33,"14,325",0,"15,376","3,46,231",0,7,0,0,0,0,0,95,0,"6,064",0,0,0,0,0,"2,160",634,0,107,0,0,0,0,0,0,"6,971",267,0,0,"10,000",0,0,0,0,0,0,0,0,0,10,0,0,0,"44,84,306"
10. 2. Entidades multigrupo ,"16,780","5,00,999","9,304","79,053","7,443",651,0,"2,398","53,261","6,912",0,"1,503","2,204",0,0,0,0,0,0,0,0,0,0,0,0,0,0,0,0,0,0,"3,058",0,0,0,0,0,0,0,0,"11,683",0,0,0,0,0,0,"9,223",0,0,0,0,0,0,0,0,0,202,0,0,0,0,0,0,0,"7,04,674"
10. 3. Entidades del grupo ,"2,02,15,213","5,89,92,904","17,48,079","5,23,355","6,50,439","5,14,189","26,791","1,42,666","1,33,154","42,66,935","3,04,591","2,92,875","19,517",0,"1,15,271",0,"11,449",0,"9,233",6,"66,222",0,"88,073",0,"1,159","4,006",0,0,0,"7,290","4,921","24,484",1,"1,116",0,0,"1,07,399","6,642",6,"2,301","1,09,528","4,350","3,69,905",698,0,"23,290","4,366","10,054","1,44,794","9,704",661,0,"1,112",0,"10,110",0,0,"4,688",0,0,0,0,4,0,50,"8,89,73,601"
11. CONTRATOS DE SEGUROS VINCULADOS A PENSIONES ,"18,82,643","29,70,810","55,387","14,27,210","1,97,144",0,"54,011","24,915","15,577","24,522","2,036",0,0,0,260,13,0,0,0,"31,476","1,462",0,0,0,0,0,0,0,0,0,0,0,26,0,0,0,0,0,0,0,0,167,0,0,0,"22,086",0,0,0,0,0,0,0,0,0,0,188,0,0,0,0,0,0,0,0,"67,09,933"
13. ACTIVO MATERIAL ,"14,52,955","13,13,060","3,61,666","10,44,513","6,06,801","3,79,460","1,60,070","1,47,195","2,15,286",46,"1,38,296","65,592","51,751",0,63,127,"1,917",12,"65,166","24,258","35,809","1,775","8,425",0,"9,367","2,315","34,446",1,58,303,"28,109","2,869","4,933","14,833","3,590",542,"8,264","8,821","15,877","5,570","3,980","7,686",25,"2,140",31,792,"34,141","44,194",86,"3,267","2,146",372,"1,282",597,"4,207","1,662",64,"1,965","2,727",0,0,0,0,0,0,"63,25,505"
13. 1. Inmovilizado material ,"14,51,847","13,10,723","3,53,105","10,14,617","6,00,826","3,79,460","1,59,925","1,31,528","2,03,952",46,"1,38,296","60,999","46,075",0,63,127,"1,917",12,"65,166","24,258","35,809","1,775","8,425",0,"9,367","2,315","34,446",1,58,303,"25,066","2,865","3,607","12,263","3,417",542,"8,264","8,821","10,965","5,570","3,980","7,686",25,"2,140",31,792,"10,551","44,194",86,"3,267","2,146",372,"1,282",597,"4,207","1,662",64,"1,965","2,727",0,0,0,0,0,0,"62,04,595"
13. 1. 1.  De uso propio ,"14,51,847","7,42,625","3,53,105","10,14,617","6,00,826","3,66,773","1,59,925","1,31,528","2,03,952",46,"1,09,327","60,999","46,075",0,63,127,"1,917",12,"65,166","24,258","35,809","1,775","8,425",0,"9,367","2,315","34,446",1,58,303,"25,066","2,865","3,607","12,263","3,417",542,"8,264","8,821","10,965","5,570","3,980","7,686",25,"2,140",31,792,"10,551","44,194",86,"3,267","2,146",372,"1,282",597,"4,207","1,662",64,"1,965","2,727",0,0,0,0,0,0,"55,94,841"
13. 1. 2.  Cedido en arrendamiento operativo ,0,"5,68,098",0,0,0,"12,687",0,0,0,0,"28,969",0,0,0,0,0,0,0,0,0,0,0,0,0,0,0,0,0,0,0,0,0,0,0,0,0,0,0,0,0,0,0,0,0,0,0,0,0,0,0,0,0,0,0,0,0,0,0,0,0,0,0,0,0,0,"6,09,754"
13. 1. 3.  Afecto a la Obra Socias (sólo Cajas de Ahorro y Cooperativas de Crédito) ,0,0,0,0,0,0,0,0,0,0,0,0,0,0,0,0,0,0,0,0,0,0,0,0,0,0,0,0,0,0,0,0,0,0,0,0,0,0,0,0,0,0,0,0,0,0,0,0,0,0,0,0,0,0,0,0,0,0,0,0,0,0,0,0,0,0
13. 2. Inversiones inmobiliarias ,"1,108","2,337","8,561","29,896","5,975",0,145,"15,667","11,334",0,0,"4,593","5,676",0,0,0,0,0,0,0,0,0,0,0,0,0,0,0,0,0,"3,043",4,"1,326","2,570",173,0,0,0,"4,912",0,0,0,0,0,0,0,"23,590",0,0,0,0,0,0,0,0,0,0,0,0,0,0,0,0,0,0,"1,20,910"
Pro-memoria: Adquirido en arrendamiento financiero ,0,"4,66,739",0,"17,972",0,0,0,0,0,0,0,0,0,0,0,0,0,0,0,0,0,0,0,0,0,0,0,0,0,0,0,0,0,0,0,0,0,0,0,0,0,0,0,0,0,0,0,0,0,0,0,0,0,0,0,0,0,0,0,0,0,0,0,0,0,"4,84,711"
14. ACTIVO INTANGIBLE ,"3,25,154","14,291","49,485","64,630","4,63,901",0,"27,704","20,146","1,444","6,137","3,187",0,0,0,0,42,"2,034",0,"15,347","15,366","3,820",135,"14,119",0,"1,116",0,"90,612","1,796",0,858,111,0,"2,436",0,312,6,"53,467","1,343",0,"4,517","2,516",565,102,664,1,"11,038",0,0,0,265,268,"1,176",0,"35,003","3,441",63,1,487,0,0,0,0,0,0,0,"12,39,106"
14. 1. Fondo de comercio ,0,0,0,0,"4,13,453",0,0,0,0,0,0,0,0,0,0,0,0,0,"2,359",0,0,0,0,0,0,0,"60,384",0,0,0,0,0,0,0,0,0,"44,244",0,0,0,0,0,0,0,0,"10,017",0,0,0,0,0,0,0,"26,864",0,0,0,0,0,0,0,0,0,0,0,"5,57,321"
14. 2. Otro activo intangible ,"3,25,154","14,291","49,485","64,630","50,448",0,"27,704","20,146","1,444","6,137","3,187",0,0,0,0,42,"2,034",0,"12,988","15,366","3,820",135,"14,119",0,"1,116",0,"30,228","1,796",0,858,111,0,"2,436",0,312,6,"9,223","1,343",0,"4,517","2,516",565,102,664,1,"1,021",0,0,0,265,268,"1,176",0,"8,139","3,441",63,1,487,0,0,0,0,0,0,0,"6,81,785"
15. ACTIVOS FISCALES ,"33,43,188","21,92,468","5,64,350","8,90,789","7,88,589","2,67,379","2,81,111","2,21,462","1,39,051","1,68,198","59,002","65,654","98,446",0,"1,864","22,037","2,516","2,286","38,144","57,192","4,576",160,"62,321",36,"2,907","2,562","7,991","2,415","30,179","10,247","2,069","2,574",366,"3,955","13,041","1,591","1,677",745,"3,328","1,691","20,021","10,556","77,692","13,349",406,"1,201",607,"8,554",84,"2,457","55,465",50,"1,248","2,310","2,497","3,625","2,631",594,848,27,0,68,0,0,0,"95,62,447"
15. 1. Corrientes ,"4,84,359","1,10,652","57,171","4,106","64,174","1,04,634","42,509","45,082","9,227",647,"2,641","29,736","2,623",0,871,"5,342","1,014",342,"1,069",512,73,160,"2,621",19,"2,599",336,240,"1,986","2,911",0,145,257,0,379,"6,794","1,028",100,273,"1,491",74,123,"1,403",0,60,48,209,572,"2,952",72,240,"1,850",0,"1,248",85,"2,497",87,8,113,848,12,0,3,0,0,0,"10,00,627"
15. 2.  Diferidos ,"28,58,829","20,81,816","5,07,179","8,86,683","7,24,415","1,62,745","2,38,602","1,76,380","1,29,824","1,67,551","56,361","35,918","95,823",0,993,"16,695","1,502","1,944","37,075","56,680","4,503",0,"59,700",17,308,"2,226","7,751",429,"27,268","10,247","1,924","2,317",366,"3,576","6,247",563,"1,577",472,"1,837","1,617","19,898","9,153","77,692","13,289",358,992,35,"5,602",12,"2,217","53,615",50,0,"2,225",0,"3,538","2,623",481,0,15,0,65,0,0,0,"85,61,820"
16. RESTO DE ACTIVOS ,"6,64,352","10,40,906","2,67,049","1,45,481","1,23,719","22,385","23,691","1,72,436","10,395","1,851","23,335","31,104","67,573",0,"61,288",112,"76,145","7,984","23,808","18,311","36,373","2,872","23,641",0,"1,572","9,533","7,580","2,571","6,878","1,638","2,619",626,"3,970","3,459",656,586,"18,637","2,239",463,"1,829","13,830",292,35,"1,913",107,"3,435",626,"1,499",7,"8,804","4,031",479,6,501,"13,168",156,"3,634",906,"1,358",3,0,0,0,0,0,"29,64,457"
TOTAL ACTIVO ,"39,75,29,254","44,40,32,441","12,12,52,812","12,61,84,788","8,38,53,067","5,55,81,051","3,66,49,537","3,24,21,161","2,30,57,465","2,65,34,205","93,19,179","1,04,98,923","1,61,25,821","64,29,272","77,06,788","1,73,74,491","1,14,62,694","43,93,322","43,37,427","63,88,152","74,35,543","21,29,400","38,93,895","23,26,641","25,57,782","17,64,698","17,37,683","9,74,822","22,76,341","13,70,740","16,94,781","9,69,947","5,91,700","9,19,651","18,51,035","10,49,392","10,89,246","6,40,234","6,06,423","7,18,624","70,35,575","4,81,205","40,59,270","18,83,425","3,39,923","6,01,144","10,85,441","6,79,037","2,80,394","8,16,824","30,17,737","1,92,888","1,47,709","1,53,139","2,31,621","1,38,305","2,63,536","1,01,908","1,37,488","33,163","20,928","17,931","12,689","9,125","20,728","1,49,94,91,561"
PASIVO,,,,,,,,,,,,,,,,,,,,,,,,,,,,,,,,,,,,,,,,,,,,,,,,,,,,,,,,,,,,,,,,,,
1.  CARTERA DE NEGOCIACIÓN ,"3,69,64,508","4,94,44,342","14,63,889","53,45,724","11,14,360","21,94,074","28,514","90,447","1,17,505","1,09,499","23,249","1,07,282","2,57,032","8,260",0,"99,180","3,25,512",0,"2,483",0,"54,043",0,83,"1,86,337",387,100,"23,731",0,0,0,"2,328",0,0,0,822,34,0,28,15,414,71,583,0,0,0,"39,451",78,"26,487",0,"1,716",0,0,0,0,397,2,0,0,0,0,0,0,0,0,11,"9,80,32,978"
1. 1. Depósitos de bancos centrales ,0,0,0,0,0,0,0,0,0,0,0,0,0,0,0,0,0,0,0,0,0,0,0,0,0,0,0,0,0,0,0,0,0,0,0,0,0,0,0,0,0,0,0,0,0,0,0,0,0,0,0,0,0,0,0,0,0,0,0,0,0,0,0,0,0,0
1. 2. Depósitos de entidades de crédito ,0,0,0,0,0,0,0,0,0,0,0,0,0,0,0,0,"31,207",0,0,0,0,0,0,0,0,0,0,0,0,0,0,0,0,0,0,0,0,0,0,0,0,0,0,0,0,0,0,0,0,0,0,0,0,0,0,0,0,0,0,0,0,0,0,0,0,"31,207"
1. 3. Depósitos de la clientela ,0,0,0,0,0,0,0,0,0,0,0,0,0,0,0,0,0,0,0,0,0,0,0,0,0,0,0,0,0,0,0,0,0,0,0,0,0,0,0,0,0,0,0,0,0,0,0,0,0,0,0,0,0,0,0,0,0,0,0,0,0,0,0,0,11,11
1. 4. Débitos representados por valores negociables ,0,0,0,0,0,0,0,0,0,0,0,0,0,0,0,0,0,0,0,0,0,0,0,0,0,0,0,0,0,0,0,0,0,0,0,0,0,0,0,0,0,0,0,0,0,0,0,0,0,0,0,0,0,0,0,0,0,0,0,0,0,0,0,0,0,0
1. 5. Derivados de negociación ,"3,36,05,566","4,31,20,507","14,53,561","53,26,050","11,14,360","5,83,014","28,514","90,447","1,17,505","1,09,499","23,249","1,07,282","2,57,032","8,260",0,"99,180","2,94,305",0,"2,483",0,"54,043",0,83,"1,86,337",387,100,"23,731",0,0,0,"2,328",0,0,0,822,34,0,28,15,414,71,256,0,0,0,"39,451",78,"26,487",0,"1,716",0,0,0,0,397,2,0,0,0,0,0,0,0,0,0,"8,66,77,594"
1. 6. Posiciones cortas de valores ,"33,58,942","63,23,835","10,328","19,674",0,"16,11,060",0,0,0,0,0,0,0,0,0,0,0,0,0,0,0,0,0,0,0,0,0,0,0,0,0,0,0,0,0,0,0,0,0,0,0,327,0,0,0,0,0,0,0,0,0,0,0,0,0,0,0,0,0,0,0,0,0,0,0,"1,13,24,166"
1. 7. Otros pasivos financieros ,0,0,0,0,0,0,0,0,0,0,0,0,0,0,0,0,0,0,0,0,0,0,0,0,0,0,0,0,0,0,0,0,0,0,0,0,0,0,0,0,0,0,0,0,0,0,0,0,0,0,0,0,0,0,0,0,0,0,0,0,0,0,0,0,0,0
2. OTROS PASIVOS FINANCIEROS A VALOR RAZONABLE CON CAMBIOS EN PÉRIDDAS Y GANANCIAS ,0,"3,29,11,857",0,0,0,"2,71,676",0,"12,19,367",0,0,0,0,0,0,0,0,0,0,0,0,0,0,0,0,0,0,0,0,0,0,0,0,0,0,0,0,"1,112",0,0,0,0,0,0,0,0,0,0,0,0,0,0,0,0,0,0,0,0,0,0,0,0,0,0,0,0,"3,44,04,012"
2. 1. Depósitos de bancos centrales ,0,"90,74,965",0,0,0,0,0,0,0,0,0,0,0,0,0,0,0,0,0,0,0,0,0,0,0,0,0,0,0,0,0,0,0,0,0,0,0,0,0,0,0,0,0,0,0,0,0,0,0,0,0,0,0,0,0,0,0,0,0,0,0,0,0,0,0,"90,74,965"
2. 2. Depósitos de entidades de crédito ,0,"1,47,48,731",0,0,0,0,0,"3,19,315",0,0,0,0,0,0,0,0,0,0,0,0,0,0,0,0,0,0,0,0,0,0,0,0,0,0,0,0,0,0,0,0,0,0,0,0,0,0,0,0,0,0,0,0,0,0,0,0,0,0,0,0,0,0,0,0,0,"1,50,68,046"
2. 3. Depósitos de la clientela ,0,"90,88,161",0,0,0,"2,71,676",0,"9,00,052",0,0,0,0,0,0,0,0,0,0,0,0,0,0,0,0,0,0,0,0,0,0,0,0,0,0,0,0,"1,112",0,0,0,0,0,0,0,0,0,0,0,0,0,0,0,0,0,0,0,0,0,0,0,0,0,0,0,0,"1,02,61,001"
2. 4. Débitos representados por valores negociables ,0,0,0,0,0,0,0,0,0,0,0,0,0,0,0,0,0,0,0,0,0,0,0,0,0,0,0,0,0,0,0,0,0,0,0,0,0,0,0,0,0,0,0,0,0,0,0,0,0,0,0,0,0,0,0,0,0,0,0,0,0,0,0,0,0,0
2. 5. Pasivos subordinados ,0,0,0,0,0,0,0,0,0,0,0,0,0,0,0,0,0,0,0,0,0,0,0,0,0,0,0,0,0,0,0,0,0,0,0,0,0,0,0,0,0,0,0,0,0,0,0,0,0,0,0,0,0,0,0,0,0,0,0,0,0,0,0,0,0,0
2. 6. Otros pasivos financieros ,0,0,0,0,0,0,0,0,0,0,0,0,0,0,0,0,0,0,0,0,0,0,0,0,0,0,0,0,0,0,0,0,0,0,0,0,0,0,0,0,0,0,0,0,0,0,0,0,0,0,0,0,0,0,0,0,0,0,0,0,0,0,0,0,0,0
3. PASIVOS FINANCIEROS A COSTE AMORTIZADO ,"32,94,43,163","30,46,55,346","11,04,10,143","11,06,86,808","7,63,92,405","5,04,69,995","3,53,73,227","2,94,64,516","2,14,98,828","1,94,79,894","84,83,286","96,07,193","1,47,51,126","63,18,247","73,56,016","1,58,15,563","1,08,39,115","42,95,389","40,58,078","58,62,161","68,61,317","17,03,203","33,42,030","20,67,740","24,53,285","14,53,871","14,74,423","8,73,732","20,15,096","12,51,863","15,54,494","8,84,273","5,52,746","8,29,810","17,23,722","9,59,356","9,39,664","5,82,537","5,68,825","6,79,463","68,00,536","3,39,825","34,73,577","18,23,502","2,76,760","4,46,954","8,45,303","5,40,269",63,"7,36,332","27,47,513","69,663","1,19,804","71,644","1,14,305","1,01,250","1,54,031","77,367","1,04,681",49,5,47,494,14,0,"1,22,68,75,937"
3. 1. Depósitos de bancos centrales ,"2,34,05,504","1,56,59,159","37,50,603","25,14,142","10,49,923","26,15,557","10,93,731","28,15,447","16,09,444",0,"3,52,606","7,31,240",0,0,0,"35,24,633","14,90,708",0,"4,07,383",0,0,0,0,0,0,0,0,0,0,0,"2,09,137",0,0,"24,174",46,0,"34,658","30,112",0,0,0,0,0,0,0,0,0,"19,013",0,0,0,0,0,0,0,0,0,0,0,0,0,0,0,0,0,"6,13,37,220"
3. 2. Depósitos de entidades de crédito ,"4,46,17,852","5,60,71,370","1,37,81,826","1,74,28,947","1,06,30,932","39,36,200","40,91,112","49,39,811","32,83,752","96,21,995","4,53,066","15,62,633","87,02,764",0,"33,64,285","79,85,009","45,91,452","11,703","5,64,821","36,66,433","43,26,706",0,"14,57,869",0,"8,84,371","1,78,169","7,29,679","2,214","11,53,630","5,38,957","4,29,392","57,052","7,316","15,001","10,67,565","3,57,493","1,41,954","7,162",526,"2,03,433","65,69,909",5,"34,73,516","15,29,692",0,"2,54,041","7,76,694","3,07,639",0,"5,00,623","26,74,150",0,0,"4,437","1,562","4,878","1,38,455","25,578","78,705",0,0,0,494,0,0,"22,72,04,830"
3. 3. Depósitos de la clientela ,"16,93,14,173","15,26,92,434","6,92,70,913","6,54,19,746","4,10,23,456","2,62,67,789","2,53,61,951","1,39,92,280","1,39,21,514","5,96,943","65,22,389","55,72,142","54,06,685",0,"38,82,178","3,54,193","22,47,602","42,36,541","28,41,593","21,43,499","24,45,631","15,14,612","18,28,452",0,"11,57,213","12,73,066","7,37,105","8,65,721","8,61,437","7,00,559","8,34,622","8,20,164","5,28,417","7,82,858","6,54,126","6,01,474","6,35,542","4,85,532","5,48,389","3,19,657","2,18,187","3,25,531",51,"2,48,165","2,76,710","1,85,131","66,733","2,12,346",43,"2,17,250",0,"68,702","1,19,790","65,093","24,755","95,645","14,113","49,679","15,017",0,0,0,0,0,0,"63,08,65,539"
3. 4. Débitos representados por valores negociables ,"7,36,12,471","2,99,66,344","2,04,15,101","1,92,12,695","2,01,55,182","1,58,81,155","39,33,504","70,59,516","19,28,852","81,87,228","10,68,790","13,01,317",0,"58,15,902",0,"38,41,903","23,97,981",0,0,0,0,0,0,"20,37,688",0,0,0,0,0,0,"63,052",0,0,0,0,0,0,"56,602",0,0,0,0,0,0,0,0,0,0,0,0,0,0,0,0,0,0,0,0,0,0,0,0,0,0,0,"21,69,35,283"
3. 5. Pasivos subordinados ,"1,41,01,051","3,32,22,480","25,70,355","25,34,529","20,95,789","10,85,346","7,51,016","5,37,028","5,91,703","6,53,868",0,"3,35,601","3,24,608","5,01,403",0,"92,561","20,701","14,089","2,01,328","31,308","5,572","1,79,716","27,356","30,052",0,0,0,0,0,0,0,0,0,0,0,0,0,0,"13,090","1,50,000","6,021",0,0,"45,054",0,0,0,0,0,0,"50,000",0,0,0,0,0,0,0,0,0,0,0,0,0,0,"6,01,71,625"
3. 6. Otros pasivos financieros ,"43,92,112","1,70,43,559","6,21,345","35,76,749","14,37,123","6,83,948","1,41,913","1,20,434","1,63,563","4,19,860","86,435","1,04,260","3,17,069",942,"1,09,553","17,264","90,671","33,056","42,953","20,921","83,408","8,875","28,353",0,"4,11,701","2,636","7,639","5,797",29,"12,347","18,291","7,057","17,013","7,777","1,985",389,"1,27,510","3,129","6,820","6,373","6,419","14,289",10,591,50,"7,782","1,876","1,271",20,"18,459","23,363",961,14,"2,114","87,988",727,"1,463","2,110","10,959",49,5,47,0,14,0,"3,03,61,440"
4. AJUSTES A PASIVOS FINANCIEROS POR MACRO-COBERTURAS ,0,0,0,"11,09,269","5,96,601",0,0,0,0,0,0,0,0,0,0,0,0,0,0,0,0,0,0,0,0,0,0,0,0,0,0,0,0,0,0,0,0,0,0,0,0,0,0,0,0,0,0,0,0,0,0,0,0,0,0,0,0,0,0,0,0,0,0,0,0,"17,05,870"
5. DERIVADOS DE COBERTURA ,"14,85,072","28,31,803","6,85,693","3,24,984","66,964","74,072","33,215","72,818","37,932","74,960","4,456","2,023","17,197",0,0,"9,40,567","6,013",0,"16,187","8,708",0,0,0,0,0,"2,33,960","1,479",0,172,0,0,0,0,0,0,11,0,0,0,358,"14,218",0,"1,07,821",0,0,0,0,0,0,0,0,151,0,0,0,0,"1,257",0,0,0,0,0,0,0,0,"70,42,091"
6. PASIVOS ASOCIADOS CON ACTIVOS NO CORRIENTES EN VENTA ,0,0,0,0,0,0,0,0,0,0,0,0,0,0,0,0,0,0,0,0,0,0,0,0,0,0,0,0,0,0,0,0,0,0,0,0,0,0,0,0,0,0,0,0,0,0,0,0,0,0,0,0,0,0,0,0,0,0,0,0,0,0,0,0,0,0
8. PROVISIONES ,"66,22,581","83,04,991","3,28,733","26,86,851","2,95,607","74,904","1,07,070","1,12,252","59,774","71,258","39,134","1,03,769","73,985",0,"29,136","9,783",570,"3,090","8,356","56,164","33,628","9,170","55,131",37,200,"3,303","1,633","1,270","2,421",724,"7,806","1,324",315,383,925,150,701,"1,232",426,130,"21,578","2,351",726,"1,721",10,"23,493","1,559",926,103,"4,164","3,638",103,43,0,0,0,"3,957",153,366,126,22,276,0,0,0,"1,91,74,232"
8. 1. Fondo para pensiones y obligaciones similares ,"52,60,208","67,60,970","1,28,967","21,38,076","1,78,925",129,"58,715","64,378","18,693","48,060","7,409","11,696","24,651",0,"4,274",0,0,397,"1,763","31,772","16,710",0,"54,174",37,57,0,0,31,6,4,0,0,26,0,800,12,0,0,0,0,"18,603",718,0,0,0,"22,086",0,738,39,0,0,103,0,0,0,0,"3,853",0,0,40,0,208,0,0,0,"1,48,57,328"
8. 2. Provisiones para impuestos y otras contingencias legales ,0,"2,17,814","47,412",0,"22,604",0,0,"14,883",0,569,"5,089",0,"10,995",0,0,0,0,0,0,"17,389",0,0,347,0,0,22,0,0,29,0,0,0,114,0,0,137,0,0,0,0,0,0,0,0,0,458,56,0,0,0,0,0,0,0,0,0,0,0,0,0,0,0,0,0,0,"3,37,918"
8. 3. Provisiones para riesgos y compromisos contingentes ,"2,13,858","6,22,266","1,51,456","1,13,883","76,172","28,651","18,601","21,287","41,081",282,"11,167","10,897","26,334",0,38,"9,783",570,33,"6,593","4,807","1,678",0,220,0,143,217,"1,452",1,"2,386",0,"2,208","1,216",175,383,125,1,25,544,426,89,188,130,0,10,10,935,"1,467",188,0,84,58,0,43,0,0,0,12,153,366,0,0,23,0,0,0,"13,72,715"
8. 4. Otras provisiones ,"11,48,515","7,03,941",898,"4,34,892","17,906","46,124","29,754","11,704",0,"22,347","15,469","81,176","12,005",0,"24,824",0,0,"2,660",0,"2,196","15,240","9,170",390,0,0,"3,064",181,"1,238",0,720,"5,598",108,0,0,0,0,676,688,0,41,"2,787","1,503",726,"1,711",0,14,36,0,64,"4,080","3,580",0,0,0,0,0,92,0,0,86,22,45,0,0,0,"26,06,271"
9. PASIVOS FISCALES ,"4,79,041","1,40,254","3,01,478","3,48,844","1,16,375","1,14,138","17,084","15,714","53,336","2,05,861","18,832","12,129","54,077",497,"40,249","38,588","2,938",445,"1,583",586,179,"1,237","8,793",5,"3,357","2,116","15,578","2,102","18,266",29,"5,679","1,957",525,"5,732","10,654","3,999",62,839,"2,316",136,"8,396",855,"32,902",133,530,976,102,"6,438","14,819",0,"10,735",276,"1,349",0,"2,498",858,"20,351",0,383,0,0,0,0,3,0,"21,47,214"
9. 1. Corrientes ,0,0,"2,23,219","3,22,108","74,602","56,371",0,552,"29,997","9,560",0,"4,864","13,897",497,"40,249","16,926","1,598",445,0,109,0,"1,237","4,083",5,"2,728","1,557","1,684","2,102","18,265",0,"5,174","1,736",200,"1,547","10,654","3,999",0,644,"1,871",33,0,0,0,0,293,0,102,12,"12,268",0,"10,710",77,9,0,"2,498",0,0,0,383,0,0,0,0,3,0,"8,78,868"
9. 2. Diferidos ,"4,79,041","1,40,254","78,259","26,736","41,773","57,767","17,084","15,162","23,339","1,96,301","18,832","7,265","40,180",0,0,"21,662","1,340",0,"1,583",477,179,0,"4,710",0,629,559,"13,894",0,1,29,505,221,325,"4,185",0,0,62,195,445,103,"8,396",855,"32,902",133,237,976,0,"6,426","2,551",0,25,199,"1,340",0,0,858,"20,351",0,0,0,0,0,0,0,0,"12,68,346"
10. FONDO DE LA OBRA SOCIAL (solo Cajas de Ahorros y Cooperativas de Crédito) ,0,0,0,0,0,0,0,0,0,0,0,0,0,0,0,0,0,0,0,0,0,0,0,0,0,0,0,0,0,0,0,0,0,0,0,0,0,0,0,0,0,0,0,0,0,0,0,0,0,0,0,0,0,0,0,0,0,0,0,0,0,0,0,0,0,0
11. RESTO DE PASIVOS ,"22,29,481","20,10,041","5,29,254","7,49,356","4,30,892","1,48,663","8,054","1,24,663","69,549","2,08,158","49,502","51,342","1,18,686",286,"55,121","47,343","21,901","7,170","13,486","32,101","71,756","8,606","30,487",84,"3,725","22,643","8,275","12,874","3,702","10,395","7,689","3,384","7,750","2,256","8,766","6,061","3,884","2,387","3,113",621,"-6,225",720,"-18,358",724,591,"4,121","6,839","2,480",445,"3,906","30,804",63,473,-565,"15,855","2,844","4,769","1,379","1,304",84,70,32,2,8,-165,"71,75,707"
12. CAPITAL REEMBOLSABLE A LA VISTA (solo Cajas de Ahorros y Cooperativas de Crédito) ,0,0,0,0,0,0,0,0,0,0,0,0,0,0,0,0,0,0,0,0,0,0,0,0,0,0,0,0,0,0,0,0,0,0,0,0,0,0,0,0,0,0,0,0,0,0,0,0,0,0,0,0,0,0,0,0,0,0,0,0,0,0,0,0,0,0
TOTAL PASIVO ,"37,72,23,846","40,02,98,634","11,37,19,190","12,12,51,836","7,90,13,204","5,33,47,522","3,55,67,164","3,10,99,777","2,18,36,924","2,01,49,630","86,18,459","98,83,738","1,52,72,103","63,27,290","74,80,522","1,69,51,024","1,11,96,049","43,06,094","41,00,173","59,59,720","70,20,923","17,22,216","34,36,524","22,54,203","24,60,954","17,15,993","15,25,119","8,89,978","20,39,657","12,63,011","15,77,996","8,90,938","5,61,336","8,38,181","17,44,889","9,69,611","9,45,423","5,87,023","5,74,695","6,81,122","68,38,574","3,44,334","35,96,668","18,26,080","2,77,891","5,14,995","8,53,881","5,76,600","15,430","7,46,118","27,92,690","70,256","1,21,669","71,079","1,33,055","1,04,954","1,84,365","78,899","1,06,734",259,97,355,496,25,-154,"1,39,65,58,041"
PATRIMONIO NETO ,,,,,,,,,,,,,,,,,,,,,,,,,,,,,,,,,,,,,,,,,,,,,,,,,,,,,,,,,,,,,,,,,,
1.  FONDOS PROPIOS ,"1,95,20,894","4,41,80,388","77,03,990","48,07,190","48,24,664","22,20,731","11,05,361","13,30,533","11,75,212","64,24,563","7,10,833","6,16,494","7,60,431","1,01,982","2,26,168","3,72,942","2,63,621","87,228","2,58,125","4,28,950","4,24,932","4,07,184","4,57,705","72,438","95,361","48,158","2,11,200","84,844","2,36,792","1,07,719","1,17,312","79,104","29,696","76,622","1,06,146","79,781","1,43,678","53,857","31,781","38,329","1,97,798","1,36,049","4,62,602","57,044","62,032","85,155","2,31,560","96,565","2,59,011","70,706","2,25,047","1,22,485","22,913","82,060","98,566","31,898","79,959","23,316","30,754","32,904","20,831","17,576","12,193","9,100","21,000","10,25,12,063"
1. 1. Capital/Fondo de dotación (a) ,"18,36,505","41,14,413","1,33,315","5,43,036","1,50,000","1,42,034","1,57,841","88,083","1,18,351","29,91,622","29,159","37,378","67,393","30,050","21,190","2,37,061","91,009","54,587","1,19,042","4,42,792","1,38,771","2,66,174","1,87,500","58,298","12,500","22,779","73,148","5,412","84,250","80,317","25,411","21,163","18,040","4,800","75,231","31,000","94,547","91,524","5,950","34,800","32,658","86,032","4,52,959","68,080","4,508","52,405","3,00,001","39,281","32,775","82,224","60,902","72,697","18,080","86,658","27,041","18,180","50,995","14,514","18,030","14,039","18,681","11,630","9,015","9,016","21,000","1,43,37,877"
1. 1. 1. Escriturado ,"18,36,505","41,14,413","1,33,315","5,43,036","1,50,000","1,42,034","1,57,841","88,083","1,18,351","29,91,622","29,159","37,378","67,393","30,050","21,190","2,37,061","91,009","54,587","1,19,042","4,42,792","1,38,771","2,66,174","1,87,500","58,298","12,500","22,779","73,148","5,412","84,250","80,317","25,411","21,163","18,040","4,800","75,231","31,000","94,547","91,524","5,950","34,800","32,658","86,032","4,52,959","68,080","4,508","52,405","3,00,001","39,281","32,775","82,224","60,902","72,697","18,080","86,658","27,041","18,180","50,995","14,514","18,030","14,039","18,681","11,630","9,015","9,016","21,000","1,43,37,877"
1. 1. 2. Menos: Capital no exigido ,0,0,0,0,0,0,0,0,0,0,0,0,0,0,0,0,0,0,0,0,0,0,0,0,0,0,0,0,0,0,0,0,0,0,0,0,0,0,0,0,0,0,0,0,0,0,0,0,0,0,0,0,0,0,0,0,0,0,0,0,0,0,0,0,0,0
1. 2. Prima de emisión ,"1,24,52,954","2,93,05,257","18,91,462",0,"12,79,878","7,37,079","1,97,547","1,46,720","3,06,322","11,39,990","2,804","2,09,970","1,66,572","65,407",0,0,"85,972","59,354","50,806",747,0,"2,56,616","1,63,274",0,"7,275",55,"69,912",138,"1,364","1,32,087","48,595","29,028",0,0,451,"3,606","75,702",0,"7,212",0,"1,85,140","29,388","57,140",0,0,0,0,"10,955","39,038",0,"6,611","42,466",0,0,0,0,0,"1,276",0,0,189,0,0,0,0,"4,92,66,359"
1. 3. Reservas  ,"52,60,787","77,11,875","50,71,994","42,64,154","29,76,880","13,41,969","7,49,973","10,95,730","8,37,698","24,02,644","6,78,870","3,69,146","5,26,466","6,525","3,19,978","1,35,881","89,640","-26,713","88,278","-14,582","2,86,161","-1,15,606","1,06,931","14,140","75,586","25,324","68,140","79,294","1,51,178","-1,04,685","43,306","29,021","11,656","72,422","30,464","45,175","-26,571","-32,449","20,114","3,529","-20,000","20,629","-47,497","-11,036","57,524","32,750","-68,441","46,329","1,87,198","-11,518","1,57,534","7,322","9,833","-4,598","71,525","14,515","28,964","7,526","12,724","18,865","1,961","5,946","3,178",84,0,"3,51,91,640"
1. 4. Otros instrumentos de capital ,"15,702","71,70,728","7,00,000",0,"5,00,000",0,0,0,0,0,0,0,0,0,0,0,0,0,0,0,0,0,0,0,0,0,0,0,0,0,0,0,0,0,0,0,0,0,0,0,0,0,0,0,0,0,0,0,0,0,0,0,0,0,0,0,0,0,0,0,0,0,0,0,0,"83,86,430"
1. 4. 1. De instrumentos financieros compuestos ,0,0,0,0,"5,00,000",0,0,0,0,0,0,0,0,0,0,0,0,0,0,0,0,0,0,0,0,0,0,0,0,0,0,0,0,0,0,0,0,0,0,0,0,0,0,0,0,0,0,0,0,0,0,0,0,0,0,0,0,0,0,0,0,0,0,0,0,"5,00,000"
1. 4. 2. Cuotas participativas y fondos asociados (solo Cajas de Ahorros) ,0,0,0,0,0,0,0,0,0,0,0,0,0,0,0,0,0,0,0,0,0,0,0,0,0,0,0,0,0,0,0,0,0,0,0,0,0,0,0,0,0,0,0,0,0,0,0,0,0,0,0,0,0,0,0,0,0,0,0,0,0,0,0,0,0,0
1. 4. 3. Resto de instrumentos de capital ,"15,702","71,70,728","7,00,000",0,0,0,0,0,0,0,0,0,0,0,0,0,0,0,0,0,0,0,0,0,0,0,0,0,0,0,0,0,0,0,0,0,0,0,0,0,0,0,0,0,0,0,0,0,0,0,0,0,0,0,0,0,0,0,0,0,0,0,0,0,0,"78,86,430"
1. 5. Menos: Valores propios ,"45,054",0,"92,781",0,"82,094",351,0,0,"87,159",0,0,0,0,0,0,0,0,0,1,7,0,0,0,0,0,0,0,0,0,0,0,108,0,0,0,0,0,"5,218",0,0,0,0,0,0,0,0,0,0,0,0,0,0,0,0,0,797,0,0,0,0,0,0,0,0,0,"3,13,570"
1. 6. Resultado del ejercicio ,0,0,0,0,0,0,0,0,0,0,0,0,0,0,0,0,0,0,0,0,0,0,0,0,0,0,0,0,0,0,0,0,0,0,0,0,0,0,0,0,0,0,0,0,0,0,0,0,0,0,0,0,0,0,0,0,0,0,0,0,0,0,0,0,0,0
1. 7. Menos: Dividendos y retribuciones ,0,"41,21,885",0,0,0,0,0,0,0,"1,09,693",0,0,0,0,"1,15,000",0,"3,000",0,0,0,0,0,0,0,0,0,0,0,0,0,0,0,0,600,0,0,0,0,"1,495",0,0,0,0,0,0,0,0,0,0,0,0,0,"5,000",0,0,0,0,0,0,0,0,0,0,0,0,"43,56,673"
2. AJUSTES POR VALORACIÓN ,"7,84,514","-4,46,581","-1,70,368","1,25,762","15,199","12,798","-22,988","-9,149","45,329","-39,988","-10,113","-1,309","93,287",0,98,"50,525","3,024",0,"-20,871",-518,"-10,312",0,-334,0,"1,467",547,"1,364",0,-108,10,-527,-96,668,"4,848",0,0,145,-646,-53,-827,-797,822,0,301,0,994,0,"5,872","5,953",0,0,147,"3,127",0,0,"1,453",-788,-307,0,0,0,0,0,0,-118,"4,21,456"
2. 1. Activos financieros disponibles para la venta ,"8,10,607","-4,93,874","-2,03,560","-5,435","25,745","12,665","-14,714","-9,149","45,329",0,"-9,818","-1,309","1,905",0,98,"45,309","3,024",0,"-20,871",-518,"-10,312",0,-334,0,"1,467",547,"1,180",0,-108,10,-527,-96,668,"4,848",0,0,145,-646,-54,-827,0,822,0,301,0,994,0,"5,872","5,953",0,0,147,"3,127",0,0,"1,453",0,-307,0,0,0,0,0,0,-118,"1,99,639"
2. 2. Coberturas de los flujos de efectivo ,"14,720",0,"33,192","1,31,197","-10,781",0,"-8,274",0,0,"-39,988",0,0,"91,382",0,0,"5,216",0,0,0,0,0,0,0,0,0,0,184,0,0,0,0,0,0,0,0,0,0,0,0,0,-797,0,0,0,0,0,0,0,0,0,0,0,0,0,0,0,-788,0,0,0,0,0,0,0,0,"2,15,263"
2. 3. Coberturas de inversiones netas en negocios en el extranjero ,0,176,0,0,0,0,0,0,0,0,0,0,0,0,0,0,0,0,0,0,0,0,0,0,0,0,0,0,0,0,0,0,0,0,0,0,0,0,0,0,0,0,0,0,0,0,0,0,0,0,0,0,0,0,0,0,0,0,0,0,0,0,0,0,0,176
2. 4. Diferencias de cambio ,"-40,813",0,0,0,235,133,0,0,0,0,-295,0,0,0,0,0,0,0,0,0,0,0,0,0,0,0,0,0,0,0,0,0,0,0,0,0,0,0,1,0,0,0,0,0,0,0,0,0,0,0,0,0,0,0,0,0,0,0,0,0,0,0,0,0,0,"-40,739"
2. 5. Activos no corrientes en venta  ,0,0,0,0,0,0,0,0,0,0,0,0,0,0,0,0,0,0,0,0,0,0,0,0,0,0,0,0,0,0,0,0,0,0,0,0,0,0,0,0,0,0,0,0,0,0,0,0,0,0,0,0,0,0,0,0,0,0,0,0,0,0,0,0,0,0
2. 7. Resto de ajustes por valoración ,0,"47,117",0,0,0,0,0,0,0,0,0,0,0,0,0,0,0,0,0,0,0,0,0,0,0,0,0,0,0,0,0,0,0,0,0,0,0,0,0,0,0,0,0,0,0,0,0,0,0,0,0,0,0,0,0,0,0,0,0,0,0,0,0,0,0,"47,117"
TOTAL PATRIMONIO NETO ,"2,03,05,408","4,37,33,807","75,33,622","49,32,952","48,39,863","22,33,529","10,82,373","13,21,384","12,20,541","63,84,575","7,00,720","6,15,185","8,53,718","1,01,982","2,26,266","4,23,467","2,66,645","87,228","2,37,254","4,28,432","4,14,620","4,07,184","4,57,371","72,438","96,828","48,705","2,12,564","84,844","2,36,684","1,07,729","1,16,785","79,008","30,364","81,470","1,06,146","79,781","1,43,823","53,211","31,728","37,502","1,97,001","1,36,871","4,62,602","57,345","62,032","86,149","2,31,560","1,02,437","2,64,964","70,706","2,25,047","1,22,632","26,040","82,060","98,566","33,351","79,171","23,009","30,754","32,904","20,831","17,576","12,193","9,100","20,882","10,29,33,519"
TOTAL PASIVO Y PATRIMONIO NETO ,"39,75,29,254","44,40,32,441","12,12,52,812","12,61,84,788","8,38,53,067","5,55,81,051","3,66,49,537","3,24,21,161","2,30,57,465","2,65,34,205","93,19,179","1,04,98,923","1,61,25,821","64,29,272","77,06,788","1,73,74,491","1,14,62,694","43,93,322","43,37,427","63,88,152","74,35,543","21,29,400","38,93,895","23,26,641","25,57,782","17,64,698","17,37,683","9,74,822","22,76,341","13,70,740","16,94,781","9,69,947","5,91,700","9,19,651","18,51,035","10,49,392","10,89,246","6,40,234","6,06,423","7,18,624","70,35,575","4,81,205","40,59,270","18,83,425","3,39,923","6,01,144","10,85,441","6,79,037","2,80,394","8,16,824","30,17,737","1,92,888","1,47,709","1,53,139","2,31,621","1,38,305","2,63,536","1,01,908","1,37,488","33,163","20,928","17,931","12,689","9,125","20,728","1,49,94,91,561"
PRO-MEMORIA,,,,,,,,,,,,,,,,,,,,,,,,,,,,,,,,,,,,,,,,,,,,,,,,,,,,,,,,,,,,,,,,,,
1. RIESGOS CONTINGENTES ,"5,52,19,510","11,12,82,177","2,20,60,433","98,30,097","76,62,026","51,72,683","17,97,041","13,89,859","18,87,082","32,38,218","7,90,920","8,43,569","24,01,628",4,"8,812","1,29,756","86,348","1,678","2,40,381","3,01,213","1,82,630",0,"10,375","5,117","7,283","23,535","99,363",49,"32,924",0,"1,49,972","82,332","1,42,992","18,899","10,294","2,884","1,274","21,881","26,695","8,809","96,558","13,713","9,27,629",140,991,"28,219","3,48,960","22,905","5,09,935","30,855","9,747","6,630","1,652",0,0,236,437,"9,925","56,224",15,"1,332","1,445",0,0,0,"22,72,38,291"
2. COMPROMISOS CONTINGENTES ,"6,95,58,532","6,62,51,592","1,54,41,858","1,52,41,352","1,58,40,481","80,75,717","27,11,639","36,23,423","18,05,444","59,16,657","11,10,824","7,43,726","18,84,315",0,"15,97,104","9,87,399","2,50,159","1,15,997","3,05,401","6,32,902","7,22,072","4,82,317","37,71,584","31,159","1,14,975","6,906","2,32,416",0,"1,47,495","22,20,440","1,39,329","1,44,919","85,108","42,638","1,30,597","11,39,937","33,240","81,682","83,070","29,428","26,960","31,125",0,"48,504","12,246","57,374","2,39,667","25,367",0,"1,23,569","19,15,180",54,"3,940","98,693",0,97,19,"32,462","12,329",0,0,0,0,0,0,"22,43,61,420"