Var,0049,0182,0081,0075,0128,0065,0129,0224,0061,0019,0038,0073,0198,0036,0046,0130,0122,0216,0231,0057,0138,0229,0234,0078,0223,0099,0236,0232,0031,0227,0233,0125,0094,0186,0211,0059,0226,0083,0225,0058,0220,0136,0003,0011,0133,1490,0188,0184,0113,0200,0235,0219,0132,0238,0121,0091,1544,
ACTIVO,BANCO SANTANDER ,BANCO BILBAO VIZCAYA ARGENTARIA,BANCO DE SABADELL,BANCO POPULAR ESPAÑOL ,BANKINTER ,BARCLAYS BANK ,BBVA BANCO DE FINANCIACIÓN,SANTANDER CONSUMER FINANCE,BANCA MARCH,DEUTSCHE BANK S.A.E.,BANESTO BANCO DE EMISIONES ,OPEN BANK,BANCO COOPERATIVO ESPAÑOL ,SANTANDER INVESTMENT,BANCO GALLEGO,BANCO CAIXA GERAL,CITIBANK ESPAÑA ,TARGOBANK,DEXIA SABADELL,BANCO DEPOSITARIO BBVA ,BANKOA ,BANCOPOPULAR-E,BANCO CAMINOS,BANCA PUEYO,GENERAL ELECTRIC CAPITAL BANK,BANKIA BANCA PRIVADA,LLOYDS BANK INTERNATIONAL,BANCO INVERSIS,BANCO ETCHEVERRÍA ,UNO-E BANK,POPULAR BANCA PRIVADA,BANCOFAR ,RBC INVESTOR SERVICES ESPAÑA,BANCO MEDIOLANUM,EBN BANCO DE NEGOCIOS,BANCO DE MADRID ,UBS BANK,RENTA 4 BANCO,BANCO CETELEM,BNP PARIBAS ESPAÑA ,BANCO FINANTIA SOFINLOC ,ARESBANK ,BANCO DE DEPÓSITOS,ALLFUNDS BANK,NUEVO MICRO BANK,SELF TRADE BANK,BANCO ALCALÁ ,BANCO EUROPEO DE FINANZAS,BANCO INDUSTRIAL DE BILBAO ,PRIVAT BANK DEGROOF,BANCO PICHINCHA ESPAÑA,BANQUE MAROCAINE DU COMMERCE EXTERIEUR INTERNAL.,BANCO DE PROMOCIÓN DE NEGOCIOS ,BANCO POPULAR PASTOR,BANCO OCCIDENTAL ,BANCO DE ALBACETE ,ANDBANK ESPAÑA,TOTAL BANCOS
1. CAJA Y DEPÓSITOS EN BANCOS CENTRALES,"7,776,505","3,024,662","1,365,535","779,804","371,153","489,171","45,531","19,099","1,014,654","121,642",0,"49,839","207,727","20,388","109,086","43,149","172,937","26,844","2,793",0,"23,748","4,450","14,561","12,339","3,630",,"27,338","5,018","48,979","5,903","3,764","4,207","3,615","26,143",913,"4,993","13,909","1,989",2,"2,079","2,040","1,002","1,345","1,462",0,"1,383",836,70,0,441,"1,754","2,059",0,0,0,0,790,"15,861,281"
2. CARTERA DE NEGOCIACIÓN  ,"89,791,646","55,980,994","1,781,283","1,439,528","2,565,286","24,651","278,523","6,488","64,856","123,504",0,0,"4,842,049",0,"4,551",0,0,842,"136,967",0,412,0,"1,375",106,0,,654,"11,141","1,415",0,27,0,153,0,"114,510","10,770",549,616,0,"13,016",403,0,0,155,0,0,0,0,0,0,0,0,0,0,0,2,10,"157,196,482"
2. 1. Depósitos en entidades de crédito  ,0,0,0,0,0,0,0,0,0,0,0,0,0,0,0,0,0,0,0,0,0,0,0,0,0,,0,0,0,0,0,0,0,0,0,0,0,0,0,0,0,0,0,0,0,0,0,0,0,0,0,0,0,0,0,2,0,2
2. 2. Crédito a la clientela ,"24,624",0,0,0,0,0,0,0,0,0,0,0,0,0,0,0,0,0,0,0,0,0,0,0,0,,0,0,0,0,0,0,0,0,0,0,0,0,0,0,0,0,0,0,0,0,0,0,0,0,0,0,0,0,0,0,0,"24,624"
2. 3. Valores representativos de deuda  ,"20,319,657","13,257,297","476,591","47,574","1,972,487",748,0,0,0,"1,080",0,0,"4,389,158",0,0,0,0,0,0,0,0,0,230,0,0,,0,"10,134",0,0,0,0,0,0,"95,028","10,192",0,28,0,0,0,0,0,0,0,0,0,0,0,0,0,0,0,0,0,0,0,"40,580,204"
2. 4.  Instrumentos de capital  ,"4,848,439","3,083,129",0,"145,872","80,266",0,0,0,0,0,0,0,263,0,0,0,0,0,0,0,0,0,965,0,0,,0,"1,007",0,0,0,0,0,0,521,226,0,0,0,0,0,0,0,0,0,0,0,0,0,0,0,0,0,0,0,0,0,"8,160,688"
2. 5. Derivados de negociación ,"64,598,926","39,640,568","1,304,692","1,246,082","512,533","23,903","278,523","6,488","64,856","122,424",0,0,"452,628",0,"4,551",0,0,842,"136,967",0,412,0,180,106,0,,654,0,"1,415",0,27,0,153,0,"18,961",352,549,588,0,"13,016",403,0,0,155,0,0,0,0,0,0,0,0,0,0,0,0,10,"108,430,964"
Pro-memoria: Prestados o en garantía  ,"31,442,438","3,679,777",0,0,"1,972,487",0,0,0,0,0,0,0,"3,078,952",0,0,0,0,0,0,0,0,0,0,0,0,,0,"2,092",0,0,0,0,0,0,"94,983",0,0,0,0,0,0,0,0,0,0,0,0,0,0,0,0,0,0,0,0,0,0,"40,270,729"
3. OTROS ACTIVOS FINANCIEROS A VALOR RAZONABLE CON CAMBIOS EN PÉRDIDAS Y GANANCIAS,"29,506,899",0,0,0,"47,192",0,0,0,0,0,0,0,0,0,0,0,0,0,0,0,0,0,"1,724",0,0,,0,0,0,0,"5,219",0,0,0,0,691,0,0,0,0,0,0,0,0,0,0,0,0,0,0,"14,518",0,0,0,0,0,0,"29,576,243"
3. 1. Depósitos en entidades de crédito  ,"14,986,688",0,0,0,0,0,0,0,0,0,0,0,0,0,0,0,0,0,0,0,0,0,0,0,0,,0,0,0,0,0,0,0,0,0,0,0,0,0,0,0,0,0,0,0,0,0,0,0,0,0,0,0,0,0,0,0,"14,986,688"
3. 2. Crédito a la clientela  ,"14,520,211",0,0,0,0,0,0,0,0,0,0,0,0,0,0,0,0,0,0,0,0,0,0,0,0,,0,0,0,0,0,0,0,0,0,0,0,0,0,0,0,0,0,0,0,0,0,0,0,0,0,0,0,0,0,0,0,"14,520,211"
3. 3. Valores representativos de deuda ,0,0,0,0,0,0,0,0,0,0,0,0,0,0,0,0,0,0,0,0,0,0,"1,724",0,0,,0,0,0,0,0,0,0,0,0,691,0,0,0,0,0,0,0,0,0,0,0,0,0,0,0,0,0,0,0,0,0,"2,415"
3. 4. Instrumentos de capital  ,0,0,0,0,"47,192",0,0,0,0,0,0,0,0,0,0,0,0,0,0,0,0,0,0,0,0,,0,0,0,0,"5,219",0,0,0,0,0,0,0,0,0,0,0,0,0,0,0,0,0,0,0,"14,518",0,0,0,0,0,0,"66,929"
Pro-memoria: Prestados o en garantía  ,"21,466,037",0,0,0,0,0,0,0,0,0,0,0,0,0,0,0,0,0,0,0,0,0,0,0,0,,0,0,0,0,0,0,0,0,0,0,0,0,0,0,0,0,0,0,0,0,0,0,0,0,0,0,0,0,0,0,0,"21,466,037"
4. ACTIVOS FINANCIEROS DISPONIBLES PARA LA VENTA  ,"47,986,673","32,257,095","24,166,286","22,307,284","10,940,139","158,024",61,0,"1,367,841","5,928",0,0,"1,977,141",705,"107,782","84,064","13,155","104,744","4,768,268",0,"108,201","73,035","665,175","296,542",0,,916,"765,125","74,758",324,"482,090",32,23,"1,290,758","58,479","168,474",136,"202,066",0,242,"294,830",0,0,"13,403",305,"27,678",63,"2,329",140,0,"20,920",0,0,0,0,"2,085",0,"150,793,319"
4. 1. Valores representativos de deuda ,"46,850,559","29,295,963","23,215,192","22,152,014","10,857,562","145,948",0,0,"1,180,362",307,0,0,"1,962,805",0,"85,330","83,749",0,"104,686","4,768,268",0,"107,026","73,035","655,328","282,043",0,,443,"764,211","69,429",0,"472,447",0,0,"1,242,360","8,578","159,281",0,"178,409",0,0,"294,829",0,0,"13,296",0,"27,678",0,"2,329",0,0,"20,920",0,0,0,0,0,0,"145,074,387"
4. 2. Instrumentos de capital  ,"1,136,114","2,961,132","951,094","155,270","82,577","12,076",61,0,"187,479","5,621",0,0,"14,336",705,"22,452",315,"13,155",58,0,0,"1,175",0,"9,847","14,499",0,,473,914,"5,329",324,"9,643",32,23,"48,398","49,901","9,193",136,"23,657",0,242,1,0,0,107,305,0,63,0,140,0,0,0,0,0,0,"2,085",0,"5,718,932"
Pro-memoria: Prestados o en garantía  ,"9,732,873","13,333,470","5,525,377","14,023,334","4,664,570",0,0,0,"252,229",1,0,0,"778,868",0,0,"81,679",0,"104,670","1,633,419",0,"18,008",0,"392,387","127,006",0,,0,0,0,0,0,0,0,"658,425","8,428",0,0,"175,547",0,0,"27,192",0,0,0,0,0,0,0,0,0,0,0,0,0,0,0,0,"51,537,483"
5. INVERSIONES CREDITICIAS  ,"254,486,319","238,697,967","119,882,181","109,620,368","43,547,593","22,027,078","5,699,326","19,517,290","7,722,246","14,774,088","6,281,392","5,478,910","20,839,738","5,758,718","1,955,806","4,898,380","2,280,938","2,455,324","12,237,626","1,421,882","1,517,132","832,904","632,775","726,437","753,247",,"1,597,341","278,294","1,498,719","1,284,939","197,959","1,639,517","826,718","226,655","197,389","244,458","1,529,923","445,832","2,808,561","469,964","56,065","432,172","213,722","317,339","488,902","125,718","40,737","101,734","93,589","111,240","133,513","200,594","19,050","18,018","18,032","10,843","74,236","919,747,438"
5. 1. Depósitos en entidades de crédito ,"42,425,191","19,310,429","5,341,777","5,883,417","975,772","777,709","5,699,315","11,577,586","542,012","1,375,460","6,281,392","5,386,760","19,500,822","4,612,532","35,798","490,007","609,126","21,367","1,188,093","1,420,383","96,172","20,809","45,251","53,335","20,121",,"20,843","155,364","213,994","229,882","117,098","11,951","531,799","59,132","66,336","114,292","392,582","384,780","35,023","92,161","55,947","281,863","107,541","311,208",177,"99,028","24,329","101,604","93,589","21,493","26,111","80,666","19,050","18,018","18,021","1,950","24,929","137,401,397"
5. 2. Crédito a la clientela  ,"191,457,581","217,522,593","112,242,589","102,618,691","42,484,863","21,249,369",11,"7,693,872","7,180,234","13,398,628",0,"25,192","1,327,014","1,146,186","1,920,008","3,998,007","1,405,366","2,433,957","11,049,533","1,499","1,420,961","812,095","587,524","673,102","733,126",,"1,576,498","122,930","1,284,725","1,055,057","80,861","1,627,566","294,919","167,523","131,053","130,166","1,137,341","61,052","2,773,538","377,803",118,"150,309","106,181","6,131","488,725","26,690","16,408",130,0,"89,711","107,402","119,928",0,0,11,"1,000","49,307","755,365,084"
5. 3. Valores representativos de deuda  ,"20,603,547","1,864,945","2,297,815","1,118,260","86,958",0,0,"245,832",0,0,0,"66,958","11,902",0,0,"410,366","266,446",0,0,0,0,0,0,0,0,,0,0,0,0,0,0,0,0,0,0,0,0,0,0,0,0,0,0,0,0,0,0,0,36,0,0,0,0,0,"7,893",0,"26,980,958"
Pro-memoria: Prestados o en garantía  ,"6,250,648","51,828,257","1,943,038","31,850,639",0,"473,319",0,"1,350,000","176,707","5,572",0,0,0,0,0,"456,638","1,030,258",0,0,0,"74,750",0,"19,893",0,0,,"1,324","9,779",0,0,0,0,"197,240",0,991,"149,198",0,0,0,0,0,0,0,0,0,0,0,0,0,0,0,0,0,0,0,0,0,"95,818,251"
6. CARTERA DE INVERSIÓN A VENCIMIENTO ,0,"9,730,286",0,0,"2,755,346",0,0,0,0,0,0,0,"404,102",0,"823,761","951,714",0,0,0,0,"80,996",0,"17,721","30,284",0,,0,0,"91,444",0,"329,015",0,0,0,"738,946","704,102",0,0,0,0,0,0,0,0,0,"18,943","124,332","8,825",0,0,0,0,0,0,0,0,0,"16,809,817"
Pro-memoria: Prestados o en garantía  ,0,"2,475,462",0,0,0,0,0,0,0,0,0,0,"311,456",0,0,"951,714",0,0,0,0,"38,407",0,"12,876","30,284",0,,0,0,0,0,0,0,0,0,"716,917",0,0,0,0,0,0,0,0,0,0,93,"52,453",0,0,0,0,0,0,0,0,0,0,"4,589,662"
7. AJUSTES A ACTIVOS FINANCIEROS POR MACRO-COBERTURAS ,"119,262","109,216",0,"138,592",0,0,0,0,0,0,0,0,0,0,0,0,0,0,0,0,0,290,0,0,0,,0,0,0,0,0,0,0,0,0,0,0,0,0,0,0,0,0,0,0,0,0,0,0,0,0,0,0,0,0,0,0,"367,360"
8. DERIVADOS DE COBERTURA ,"4,618,922","2,934,004","4,721,476","685,407","86,838","62,126",0,"72,174","157,038","162,714",0,0,0,0,"3,996","1,494",0,35,"136,922",0,0,"11,221",0,0,0,,916,0,0,0,"91,438",0,0,0,0,0,0,0,0,0,"4,436",0,0,0,0,0,0,0,0,0,0,0,0,0,0,0,0,"13,751,157"
9. ACTIVOS NO CORRIENTES EN VENTA ,"1,352,769","2,267,074","1,863,414","1,589,665","36,260","102,159",0,"10,183","31,428","75,087",0,0,0,0,"4,065","14,571",0,"5,207",0,0,"5,991","1,128",0,330,"11,172",,"18,848",0,"1,761",114,0,688,0,773,"1,017",0,0,0,0,"1,989",0,0,0,0,0,0,0,0,0,0,"2,263",0,0,0,0,0,0,"7,397,956"
10. PARTICIPACIONES ,"71,343,585","28,645,511","2,915,941","2,410,360","594,804","81,845",7,"4,362,556","576,958","19,563",0,33,"19,268","151,000","29,680",0,"17,651",450,0,0,"4,921",0,"44,084","13,195",0,,"3,970","72,871",640,"8,771","4,006",0,902,"4,350","16,699","23,386","7,844","25,284",661,"17,975",0,"4,043",0,"16,110",0,0,"3,612","2,500","7,704","4,523",896,814,0,0,0,21,0,"111,458,994"
10. 1. Entidades asociadas ,"1,512,370","4,514,563","403,416","289,791","8,422",0,7,"38,381","9,078",0,0,33,"7,819",0,"13,291",0,0,0,0,0,0,0,657,0,0,,0,0,634,95,0,0,0,0,"7,346",0,0,"1,361",0,0,0,0,0,0,0,0,0,"2,500","1,418",0,0,0,0,0,0,0,0,"6,811,182"
10. 2. Entidades multigrupo ,"579,086","3,941,296","46,313","138,172",162,0,0,"42,732",0,"1,434",0,0,0,0,0,0,0,0,0,0,0,0,0,0,0,,0,0,0,0,0,0,0,0,"8,343",0,0,0,0,0,0,0,0,0,0,0,0,0,0,201,0,0,0,0,0,0,0,"4,757,739"
10. 3. Entidades del grupo ,"69,252,129","20,189,652","2,466,212","1,982,397","586,220","81,845",0,"4,281,443","567,880","18,129",0,0,"11,449","151,000","16,389",0,"17,651",450,0,0,"4,921",0,"43,427","13,195",0,,"3,970","72,871",6,"8,676","4,006",0,902,"4,350","1,010","23,386","7,844","23,923",661,"17,975",0,"4,043",0,"16,110",0,0,"3,612",0,"6,286","4,322",896,814,0,0,0,21,0,"99,890,073"
11. CONTRATOS DE SEGUROS VINCULADOS A PENSIONES ,"1,926,149","2,023,788","156,630","52,223","2,822","31,154",0,0,"2,092",0,0,0,0,162,0,"29,532",0,0,24,0,0,0,0,0,0,,0,0,0,0,0,0,0,0,0,0,0,0,0,"26,507",0,0,0,0,0,0,0,0,0,0,0,0,0,0,0,0,0,"4,251,083"
13. ACTIVO MATERIAL ,"1,906,195","1,612,301","1,939,787","414,432","355,063","69,007",0,40,"125,963","40,109",0,0,"1,607",8,"53,206","15,197","6,239","15,088",254,0,"25,322",291,"1,863","11,251",481,,"2,440","7,260","18,125",75,"1,106","2,988","8,340","6,323","42,728","41,419","1,174","28,201","1,295",497,"1,477","34,137",20,"2,364",423,215,"3,295",137,72,"1,457","1,089","2,524",0,0,0,0,51,"6,802,936"
13. 1. Inmovilizado material ,"1,741,548","1,607,142","1,328,749","379,739","355,063","68,908",0,40,"125,963","37,781",0,0,"1,607",8,"53,206","15,197","6,239","15,088",254,0,"22,220",291,"1,859","9,803",481,,"2,440","7,260","9,879",75,"1,106","2,815","8,340","6,323","42,728","41,419","1,174","28,201","1,295",497,"1,477","19,767",20,"2,364",423,215,"3,295",137,72,"1,457","1,089","2,524",0,0,0,0,51,"5,957,629"
13. 1. 1.  De uso propio ,"1,428,302","1,607,142","1,328,749","379,739","327,383","68,908",0,40,"100,371","37,781",0,0,"1,607",8,"53,206","14,856","6,239","15,088",254,0,"22,220",291,"1,859","9,803",481,,"2,440","7,260","9,879",75,"1,106","2,815","8,340","6,323","42,728","41,419","1,174","28,201","1,295",497,"1,477","19,767",20,"2,364",423,215,"3,295",137,72,"1,457","1,089","2,524",0,0,0,0,51,"5,590,770"
13. 1. 2.  Cedido en arrendamiento operativo ,"313,246",0,0,0,"27,680",0,0,0,"25,592",0,0,0,0,0,0,341,0,0,0,0,0,0,0,0,0,,0,0,0,0,0,0,0,0,0,0,0,0,0,0,0,0,0,0,0,0,0,0,0,0,0,0,0,0,0,0,0,"366,859"
13. 1. 3.  Afecto a la Obra Socias (sólo Cajas de Ahorro y Cooperativas de Crédito) ,0,0,0,0,0,0,0,0,0,0,0,0,0,0,0,0,0,0,0,0,0,0,0,0,0,,0,0,0,0,0,0,0,0,0,0,0,0,0,0,0,0,0,0,0,0,0,0,0,0,0,0,0,0,0,0,0,0
13. 2. Inversiones inmobiliarias ,"164,647","5,159","611,038","34,693",0,99,0,0,0,"2,328",0,0,0,0,0,0,0,0,0,0,"3,102",0,4,"1,449",0,,0,0,"8,246",0,0,173,0,0,0,0,0,0,0,0,0,"14,370",0,0,0,0,0,0,0,0,0,0,0,0,0,0,0,"845,308"
Pro-memoria: Adquirido en arrendamiento financiero ,"478,457",0,0,0,0,0,0,0,0,0,0,0,0,0,0,0,0,0,0,0,0,0,0,0,0,,0,0,0,0,0,0,0,0,0,0,0,"14,846",0,0,0,0,0,0,0,0,0,0,0,0,0,0,0,0,0,0,0,"493,303"
14. ACTIVO INTANGIBLE ,"216,634","849,711","953,493","2,149,621",0,"53,844",0,811,"4,196",0,0,0,"1,073","1,921","8,820","6,540","4,210",0,70,631,197,159,0,0,125,,221,"10,873",0,"2,672",49,125,327,559,0,"4,271",6,"7,607","12,075","10,305",11,0,0,"3,985",53,"33,031","2,546",345,0,233,87,0,0,0,0,0,305,"4,341,742"
14. 1. Fondo de comercio ,0,0,"805,330","1,746,122",0,0,0,0,0,0,0,0,0,0,"2,359",0,0,0,0,0,0,0,0,0,0,,0,0,0,0,0,0,0,0,0,120,0,"6,352",0,"10,017",0,0,0,0,0,"26,864","2,471",0,0,0,0,0,0,0,0,0,0,"2,599,635"
14. 2. Otro activo intangible ,"216,634","849,711","148,163","403,499",0,"53,844",0,811,"4,196",0,0,0,"1,073","1,921","6,461","6,540","4,210",0,70,631,197,159,0,0,125,,221,"10,873",0,"2,672",49,125,327,559,0,"4,151",6,"1,255","12,075",288,11,0,0,"3,985",53,"6,167",75,345,0,233,87,0,0,0,0,0,305,"1,742,107"
15. ACTIVOS FISCALES ,"5,278,147","7,384,093","6,283,173","3,283,352","255,506","538,200",13,"329,287","115,244","140,707",0,751,"13,962","1,050","211,423","84,647","88,595","7,126","2,446",817,"1,821","3,374","4,984","4,414","3,098",,"20,240","14,059","1,838","17,611","5,662","2,025",782,"13,505","26,649","25,333","3,316","2,478","61,923","14,229","3,139",490,499,"3,598","3,202","2,262",545,"2,318",58,492,"1,857",358,11,3,3,0,0,"24,264,715"
15. 1. Corrientes ,"1,156,527","777,153","463,313","132,880","84,104","1,293",4,"4,619","17,671","23,493",0,26,"6,554",190,"1,013","3,168",211,"1,893","2,446",245,64,"1,915",359,373,"3,098",,104,"1,055","1,305",285,713,"2,025",229,"4,023",316,244,"1,386","1,880","8,966",111,149,490,189,"3,598",1,37,360,35,48,1,0,358,2,0,1,0,0,"2,710,523"
15. 2.  Diferidos ,"4,121,620","6,606,940","5,819,860","3,150,472","171,402","536,907",9,"324,668","97,573","117,214",0,725,"7,408",860,"210,410","81,479","88,384","5,233",0,572,"1,757","1,459","4,624","4,041",0,,"20,136","13,004",533,"17,326","4,949",0,553,"9,482","26,333","25,089","1,930",598,"52,957","14,118","2,990",0,310,0,"3,201","2,225",185,"2,283",10,491,"1,857",0,9,3,2,0,0,"21,554,191"
16. RESTO DE ACTIVOS ,"2,017,747","1,632,995","191,672","655,687","33,609","33,601",15,"2,946","31,966","101,795",32,"7,380","100,238","29,228","19,712","19,921","196,681","11,160",41,"4,041","2,101","1,646",966,"5,441","1,069",,"3,208","17,367","3,479","5,038","13,812","1,694","1,460","1,042",957,"24,657","15,261","1,043","6,771","6,403",565,"1,066",235,"52,915","7,560",731,695,259,74,"1,242","4,415",48,0,0,0,0,805,"5,274,492"
TOTAL ACTIVO ,"518,327,452","387,149,697","166,220,871","145,526,323","61,591,611","23,670,860","6,023,476","24,320,874","11,214,482","15,565,137","6,281,424","5,536,913","28,406,905","5,963,180","3,331,888","6,149,209","2,780,406","2,626,820","17,285,411","1,427,371","1,770,844","928,498","1,385,228","1,100,340","772,822",,"1,676,092","1,182,008","1,741,158","1,325,447","1,134,147","1,651,276","842,319","1,570,108","1,198,287","1,252,554","1,572,118","715,116","2,891,288","563,206","362,967","472,910","215,821","411,331","500,445","209,961","176,661","118,517","101,637","119,628","181,311","206,398","19,061","18,021","18,035","12,951","76,196","1,467,895,017"
PASIVO,,,,,,,,,,,,,,,,,,,,,,,,,,,,,,,,,,,,,,,,,,,,,,,,,,,,,,,,,,
1.  CARTERA DE NEGOCIACIÓN ,"71,236,412","43,805,025","1,540,316","979,621","2,242,616","11,912","278,523","11,939","57,832","134,683",0,0,"449,159",0,"3,242",0,0,588,"129,507",0,395,0,0,93,0,,"1,932",0,"1,415",0,0,0,156,0,"21,739",372,516,386,0,"13,016",667,0,0,99,0,0,0,0,0,0,0,0,0,0,0,0,9,"120,922,170"
1. 1. Depósitos de bancos centrales ,0,0,0,0,0,0,0,0,0,0,0,0,0,0,0,0,0,0,0,0,0,0,0,0,0,,0,0,0,0,0,0,0,0,0,0,0,0,0,0,0,0,0,0,0,0,0,0,0,0,0,0,0,0,0,0,0,0
1. 2. Depósitos de entidades de crédito ,0,0,0,0,0,0,0,0,0,0,0,0,0,0,0,0,0,0,0,0,0,0,0,0,0,,0,0,0,0,0,0,0,0,0,0,0,0,0,0,0,0,0,0,0,0,0,0,0,0,0,0,0,0,0,0,0,0
1. 3. Depósitos de la clientela ,0,0,0,0,0,0,0,0,0,0,0,0,0,0,0,0,0,0,0,0,0,0,0,0,0,,0,0,0,0,0,0,0,0,0,0,0,0,0,0,0,0,0,0,0,0,0,0,0,0,0,0,0,0,0,0,0,0
1. 4. Débitos representados por valores negociables ,0,0,0,0,0,0,0,0,0,0,0,0,0,0,0,0,0,0,0,0,0,0,0,0,0,,0,0,0,0,0,0,0,0,0,0,0,0,0,0,0,0,0,0,0,0,0,0,0,0,0,0,0,0,0,0,0,0
1. 5. Derivados de negociación ,"63,287,020","39,347,351","1,318,484","979,621","299,712","11,912","278,523","11,939","57,832","134,683",0,0,"449,159",0,"3,242",0,0,588,"129,507",0,395,0,0,93,0,,"1,932",0,"1,415",0,0,0,156,0,"21,675",372,516,386,0,"13,016",667,0,0,99,0,0,0,0,0,0,0,0,0,0,0,0,9,"106,350,304"
1. 6. Posiciones cortas de valores ,"7,949,392","4,457,674","221,832",0,"1,942,904",0,0,0,0,0,0,0,0,0,0,0,0,0,0,0,0,0,0,0,0,,0,0,0,0,0,0,0,0,64,0,0,0,0,0,0,0,0,0,0,0,0,0,0,0,0,0,0,0,0,0,0,"14,571,866"
1. 7. Otros pasivos financieros ,0,0,0,0,0,0,0,0,0,0,0,0,0,0,0,0,0,0,0,0,0,0,0,0,0,,0,0,0,0,0,0,0,0,0,0,0,0,0,0,0,0,0,0,0,0,0,0,0,0,0,0,0,0,0,0,0,0
2. OTROS PASIVOS FINANCIEROS A VALOR RAZONABLE CON CAMBIOS EN PÉRIDDAS Y GANANCIAS ,"19,829,139",0,0,0,0,0,0,0,0,0,0,0,"29,030",0,0,0,0,0,0,0,0,0,0,0,0,,0,0,0,0,0,0,0,0,0,0,0,0,0,0,0,0,0,0,0,0,0,0,0,0,0,0,0,0,0,0,0,"19,858,169"
2. 1. Depósitos de bancos centrales ,"906,892",0,0,0,0,0,0,0,0,0,0,0,0,0,0,0,0,0,0,0,0,0,0,0,0,,0,0,0,0,0,0,0,0,0,0,0,0,0,0,0,0,0,0,0,0,0,0,0,0,0,0,0,0,0,0,0,"906,892"
2. 2. Depósitos de entidades de crédito ,"13,913,186",0,0,0,0,0,0,0,0,0,0,0,"29,030",0,0,0,0,0,0,0,0,0,0,0,0,,0,0,0,0,0,0,0,0,0,0,0,0,0,0,0,0,0,0,0,0,0,0,0,0,0,0,0,0,0,0,0,"13,942,216"
2. 3. Depósitos de la clientela ,"5,009,061",0,0,0,0,0,0,0,0,0,0,0,0,0,0,0,0,0,0,0,0,0,0,0,0,,0,0,0,0,0,0,0,0,0,0,0,0,0,0,0,0,0,0,0,0,0,0,0,0,0,0,0,0,0,0,0,"5,009,061"
2. 4. Débitos representados por valores negociables ,0,0,0,0,0,0,0,0,0,0,0,0,0,0,0,0,0,0,0,0,0,0,0,0,0,,0,0,0,0,0,0,0,0,0,0,0,0,0,0,0,0,0,0,0,0,0,0,0,0,0,0,0,0,0,0,0,0
2. 5. Pasivos subordinados ,0,0,0,0,0,0,0,0,0,0,0,0,0,0,0,0,0,0,0,0,0,0,0,0,0,,0,0,0,0,0,0,0,0,0,0,0,0,0,0,0,0,0,0,0,0,0,0,0,0,0,0,0,0,0,0,0,0
2. 6. Otros pasivos financieros ,0,0,0,0,0,0,0,0,0,0,0,0,0,0,0,0,0,0,0,0,0,0,0,0,0,,0,0,0,0,0,0,0,0,0,0,0,0,0,0,0,0,0,0,0,0,0,0,0,0,0,0,0,0,0,0,0,0
3. PASIVOS FINANCIEROS A COSTE AMORTIZADO ,"365,819,880","297,012,166","153,671,681","131,732,944","56,123,284","21,504,518","5,670,726","15,601,687","10,183,389","13,979,079","6,176,348","5,362,106","27,573,578","5,656,983","3,336,220","5,628,069","2,189,385","2,315,790","15,664,101","1,386,759","1,629,180","759,859","1,271,317","1,003,329","439,435",,"1,312,576","1,071,264","1,643,082","1,139,606","994,929","1,537,101","737,122","1,352,149","1,115,925","1,141,575","1,459,262","661,603","2,561,336","434,633","295,783","261,988","146,814","181,837","314,744","130,921","142,899","19,044","6,569","99,880","162,505","163,778",309,0,0,506,"56,992","1,170,838,545"
3. 1. Depósitos de bancos centrales ,"5,896,706","28,581,745","17,712,520","10,284,847","7,087,549","3,565,709",0,0,0,"5,158,898",0,0,"8,102,544",0,0,"1,254,631",0,0,"4,973,870",0,"194,469",0,"217,376","68,829",0,,0,"252,875","60,676",0,"354,752",0,0,"175,066","71,538","607,541",0,"125,747",0,0,"30,001",0,0,0,0,0,"49,358",0,0,0,0,"6,069",0,0,0,0,0,"94,833,316"
3. 2. Depósitos de entidades de crédito ,"58,584,167","41,227,318","14,288,551","13,836,800","5,559,337","1,534,449",0,"9,989,572","570,789","783,919",0,"11,142","14,350,135","2,606,509","118,527","1,151,622","2,841","605,509","10,497,900","2,066","382,824","27,546",704,"15,449",0,,"566,533","44,903","5,705","422,489","4,964","1,054,634","12,722","618,847","639,781",142,"1,147,478","17,244","2,483,421","208,446","28,059","222,820",0,"31,237","272,386",327,"3,006",0,0,"57,878","5,340","122,013",0,0,0,506,90,"184,118,647"
3. 3. Depósitos de la clientela ,"229,228,753","179,819,898","102,346,116","90,711,401","34,268,750","13,906,839",0,"442,361","8,955,163","7,292,863",0,"5,306,119","2,296,269","3,026,051","3,003,443","3,171,542","2,154,343","1,694,816","185,726","1,380,023","883,262","731,675","1,024,105","905,804","436,422",,"741,919","700,062","1,554,356","714,676","633,595","479,587","456,612","544,018","403,825","504,493","297,575","451,693",0,"214,078","237,017","38,370","146,596","57,548","41,980","128,001","90,450","18,793",56,"40,482","156,270","5,482",0,0,0,0,"56,903","701,886,181"
3. 4. Débitos representados por valores negociables ,"46,127,254","37,802,498","16,278,462","14,141,005","7,607,415","2,402,352","5,670,726","4,660,950","585,420",0,"6,171,529",0,"2,800,486",0,0,0,0,0,0,0,"148,040",0,0,"5,626",0,,0,0,0,0,0,0,0,0,0,0,0,"12,330",0,0,0,0,0,0,0,0,0,0,0,0,0,0,0,0,0,0,0,"144,414,093"
3. 5. Pasivos subordinados ,"17,584,258","4,150,619","1,068,846","2,193,228","697,672",0,0,"86,121",0,"322,057","2,907","20,751","10,206",0,"175,155","31,526",0,0,0,0,0,0,0,0,0,,0,0,"15,321",0,0,0,0,0,0,"21,478",0,0,"50,142",0,0,0,0,0,0,0,0,0,0,0,0,0,0,0,0,0,0,"26,430,287"
3. 6. Otros pasivos financieros ,"8,398,742","5,430,088","1,977,186","565,663","902,561","95,169",0,"422,683","72,017","421,342","1,912","24,094","13,938","24,423","39,095","18,748","32,201","15,465","6,605","4,670","20,585",638,"29,133","7,622","3,013",,"4,124","73,424","7,024","2,441","1,618","2,880","267,787","14,218",781,"7,921","14,209","54,589","27,774","12,109",706,798,218,"93,052",378,"2,593",85,251,"6,513","1,520",895,"30,214",309,0,0,0,0,"19,156,024"
4. AJUSTES A PASIVOS FINANCIEROS POR MACRO-COBERTURAS ,"61,252",0,"238,465",0,0,0,0,0,0,0,0,0,0,0,0,0,0,0,0,0,0,0,0,0,0,,0,0,0,0,0,0,0,0,0,0,0,0,0,0,0,0,0,0,0,0,0,0,0,0,0,0,0,0,0,0,0,"299,717"
5. DERIVADOS DE COBERTURA ,"2,213,265","2,061,357","144,869","1,491,858","31,114","5,957",0,"26,146","19,100","5,884",0,0,"6,435",0,"8,299","3,956",0,766,"1,166,461",0,0,299,0,0,0,,916,0,0,0,"62,911",0,0,0,0,"1,182",0,0,0,0,366,0,0,0,"2,164",0,0,0,0,0,0,0,0,0,0,0,0,"7,253,305"
6. PASIVOS ASOCIADOS CON ACTIVOS NO CORRIENTES EN VENTA ,0,0,0,0,0,0,0,0,0,0,0,0,0,0,0,0,0,0,0,0,0,0,0,0,0,,0,0,0,0,0,0,0,0,0,0,0,0,0,0,0,0,0,0,0,0,0,0,0,0,0,0,0,0,0,0,0,0
8. PROVISIONES ,"7,852,975","7,092,969","580,852","421,824","55,737","151,976",31,"56,982","131,009","86,337",0,"2,991",478,"7,212","7,713","39,637","53,459",920,"1,078","1,772","6,746",8,240,342,0,,"5,939",290,27,99,"5,679","6,272","1,146","10,772","3,403","2,369","4,646",0,441,"35,170",0,"2,155",15,0,241,0,58,78,31,80,0,581,31,0,23,0,2,"16,632,836"
8. 1. Fondo para pensiones y obligaciones similares ,"6,937,058","4,729,746","163,101","183,468","2,823","31,332",31,"31,837","15,055","31,438",0,498,0,"3,810",424,"30,006","52,237",75,0,35,0,8,0,0,0,,0,0,27,8,0,165,0,782,"2,917",99,0,0,0,"26,507",0,0,0,0,0,0,0,0,31,0,0,0,31,0,0,0,0,"12,243,549"
8. 2. Provisiones para impuestos y otras contingencias legales ,"243,841",0,"57,597","53,084","44,658",0,0,"2,064","1,557","4,929",0,0,0,0,0,"5,100",483,0,0,0,0,0,0,0,0,,307,0,0,0,0,0,0,0,0,0,"1,818",0,0,"5,600",0,56,0,0,0,0,0,0,0,0,0,0,0,0,0,0,0,"421,094"
8. 3. Provisiones para riesgos y compromisos contingentes ,"242,351","207,853","239,777","184,403","6,643","74,773",0,"1,898","2,633","26,610",0,3,478,1,"7,289","3,204",26,845,"1,078",1,"2,610",0,132,342,0,,203,29,0,0,0,107,56,522,486,122,143,0,179,"1,689",0,925,15,0,1,0,43,0,0,80,0,581,0,0,23,0,2,"1,008,156"
8. 4. Otras provisiones ,"429,725","2,155,370","120,377",869,"1,613","45,871",0,"21,183","111,764","23,360",0,"2,490",0,"3,401",0,"1,327",713,0,0,"1,736","4,135",0,108,0,0,,"5,429",261,0,91,"5,679","6,000","1,090","9,468",0,"2,148","2,685",0,262,"1,374",0,"1,174",0,0,240,0,15,78,0,0,0,0,0,0,0,0,0,"2,960,036"
9. PASIVOS FISCALES ,"227,706","1,494,170","535,368","289,600","132,283","16,350",0,"267,961","18,624","31,467",497,575,"3,413",0,"1,579",359,"6,517","5,492",20,0,"2,778","4,740","4,224","3,885",624,,108,0,867,7,"2,664","1,733",372,"8,304","3,492",607,"2,290","4,135","11,637",899,"5,488",131,411,"9,618","25,508",0,407,518,0,0,0,"1,471",0,0,0,59,454,"3,129,412"
9. 1. Corrientes ,0,0,"31,614","66,436","56,998",0,0,"87,281",0,0,497,0,725,0,0,0,"4,612","5,110",20,0,"2,207","4,738","1,332",379,624,,0,0,349,0,"2,471","1,733",369,"3,311",20,509,"2,290","3,125","11,637",0,0,131,411,"9,618","5,156",0,389,218,0,0,0,"1,471",0,0,0,59,454,"306,294"
9. 2. Diferidos ,"227,706","1,494,170","503,754","223,164","75,285","16,350",0,"180,680","18,624","31,467",0,575,"2,688",0,"1,579",359,"1,905",382,0,0,571,2,"2,892","3,506",0,,108,0,518,7,193,0,3,"4,993","3,472",98,0,"1,010",0,899,"5,488",0,0,0,"20,352",0,18,300,0,0,0,0,0,0,0,0,0,"2,823,118"
10. FONDO DE LA OBRA SOCIAL (solo Cajas de Ahorros y Cooperativas de Crédito) ,0,0,0,0,0,0,0,0,0,0,0,0,0,0,0,0,0,0,0,0,0,0,0,0,0,,0,0,0,0,0,0,0,0,0,0,0,0,0,0,0,0,0,0,0,0,0,0,0,0,0,0,0,0,0,0,0,0
11. RESTO DE PASIVOS ,"3,522,658","3,306,063","998,315","775,397","179,665","-11,210",484,"391,130","38,698","150,049",502,"10,928","59,247","54,459","-14,946","30,314","231,424","18,371","-79,475","18,211","6,052","22,535","4,604","2,472","-35,482",,"-12,884","5,611","7,628","24,077","12,343","5,265","2,685","12,403",-386,"10,564","17,399","4,304","43,289","10,110","3,855","5,691","1,020","68,173","20,469","2,519","2,513",567,"2,744",-278,828,"3,871",95,-2,97,46,306,"9,935,387"
12. CAPITAL REEMBOLSABLE A LA VISTA (solo Cajas de Ahorros y Cooperativas de Crédito) ,0,0,0,0,0,0,0,0,0,0,0,0,0,0,0,0,0,0,0,0,0,0,0,0,0,,0,0,0,0,0,0,0,0,0,0,0,0,0,0,0,0,0,0,0,0,0,0,0,0,0,0,0,0,0,0,0,0
TOTAL PASIVO ,"470,763,287","354,771,750","157,709,866","135,691,244","58,764,699","21,679,503","5,949,764","16,355,845","10,448,652","14,387,499","6,177,347","5,376,600","28,121,340","5,718,654","3,342,107","5,702,335","2,480,785","2,341,927","16,881,692","1,406,742","1,645,151","787,441","1,280,385","1,010,122","404,577",,"1,308,587","1,077,165","1,653,019","1,163,789","1,078,526","1,550,371","741,481","1,383,628","1,144,173","1,156,669","1,484,113","670,428","2,616,703","493,828","306,160","269,965","148,260","259,727","363,126","133,440","145,877","20,207","9,344","99,682","163,333","169,702",435,-2,120,611,"57,764","1,348,869,545"
PATRIMONIO NETO ,,,,,,,,,,,,,,,,,,,,,,,,,,,,,,,,,,,,,,,,,,,,,,,,,,,,,,,,,,
1.  FONDOS PROPIOS ,"48,288,299","32,788,511","8,690,575","10,221,582","2,792,969","1,954,830","73,712","7,978,478","760,524","1,102,771","104,077","160,318","283,827","244,570","-7,655","467,611","295,175","284,874","609,811","20,629","126,628","141,052","100,774","86,206","368,245",,"367,257","97,979","88,073","161,641","59,827","100,905","100,831","175,900","49,463","92,874","87,976","45,882","274,585","69,242","48,556","202,945","67,561","151,604","138,586","75,501","30,742","98,285","92,293","19,946","18,234","36,697","18,626","18,023","17,915","12,340","18,432","120,777,114"
1. 1. Capital/Fondo de dotación (a) ,"5,546,055","2,804,920","370,737","856,757","263,153","1,454,981","58,298","4,663,639","29,159","101,527","30,050","129,587","91,009","21,190","80,042","518,792","187,500","176,045","484,061","5,412","25,411","31,000","27,491","4,800","266,174",,"366,611","94,547","16,029","80,317","22,779","75,231","12,500","86,032","50,281","65,966","97,224","18,312","60,902","52,405","27,216","292,918","4,508","27,041","90,186","86,658","25,492","60,702","32,775","17,519","25,000","25,635","14,039","18,030","11,630","9,015","20,000","20,115,290"
1. 1. 1. Escriturado ,"5,546,055","2,804,920","370,737","856,757","263,153","1,454,981","58,298","4,663,639","29,159","101,527","30,050","129,587","91,009","21,190","80,042","518,792","187,500","176,045","484,061","5,412","25,411","31,000","27,491","4,800","266,174",,"366,611","94,547","16,029","80,317","22,779","75,231","12,500","86,032","50,281","65,966","97,224","18,312","60,902","52,405","27,216","292,918","4,508","27,041","90,186","86,658","25,492","60,702","32,775","17,519","25,000","25,635","14,039","18,030","11,630","9,015","20,000","20,115,290"
1. 1. 2. Menos: Capital no exigido ,0,0,0,0,0,0,0,0,0,0,0,0,0,0,0,0,0,0,0,0,0,0,0,0,0,,0,0,0,0,0,0,0,0,0,0,0,0,0,0,0,0,0,0,0,0,0,0,0,0,0,0,0,0,0,0,0,0
1. 2. Prima de emisión ,"36,949,010","22,110,874","4,528,309","5,741,021","1,118,672","197,547",0,"1,139,990","2,804","479,416","65,407","59,354","85,972",0,0,747,"163,274","67,841",0,138,"48,595","3,606","29,028",0,"256,616",,0,"75,702","46,533","21,649",55,451,"7,275","29,388","10,955",0,0,"8,496","6,611",0,0,0,0,0,0,0,0,"32,978","39,038","1,276",0,"3,198",0,0,0,0,0,"73,331,826"
1. 3. Reservas  ,"5,914,645","7,418,586","3,077,121","3,017,974","1,356,075","302,302","15,414","2,174,849","728,561","521,828","8,620","-28,623","106,846","223,380","-87,697","-51,921","-55,599","40,988","125,750","15,079","52,622","106,446","45,008","81,406","-154,545",,646,"-72,270","25,511","59,675","36,993","25,223","81,056","60,480","-11,773","26,908","-9,248","26,781","207,072","16,837","21,346","-89,973","63,053","124,563","48,400","-11,168","5,250","4,605","20,480","1,151","-6,766","7,864","4,587",-7,"6,285","3,325","-1,568","25,630,433"
1. 4. Otros instrumentos de capital ,"150,445","1,168,797","776,655","681,737","72,103",0,0,0,0,0,0,0,0,0,0,0,0,0,0,0,0,0,0,0,0,,0,0,0,0,0,0,0,0,0,0,0,996,0,0,0,0,0,0,0,11,0,0,0,0,0,0,0,0,0,0,0,"2,850,744"
1. 4. 1. De instrumentos financieros compuestos ,0,"1,133,359","776,655",0,0,0,0,0,0,0,0,0,0,0,0,0,0,0,0,0,0,0,0,0,0,,0,0,0,0,0,0,0,0,0,0,0,885,0,0,0,0,0,0,0,0,0,0,0,0,0,0,0,0,0,0,0,"1,910,899"
1. 4. 2. Cuotas participativas y fondos asociados (solo Cajas de Ahorros) ,0,0,0,0,0,0,0,0,0,0,0,0,0,0,0,0,0,0,0,0,0,0,0,0,0,,0,0,0,0,0,0,0,0,0,0,0,0,0,0,0,0,0,0,0,0,0,0,0,0,0,0,0,0,0,0,0,0
1. 4. 3. Resto de instrumentos de capital ,"150,445","35,438",0,"681,737","72,103",0,0,0,0,0,0,0,0,0,0,0,0,0,0,0,0,0,0,0,0,,0,0,0,0,0,0,0,0,0,0,0,111,0,0,0,0,0,0,0,11,0,0,0,0,0,0,0,0,0,0,0,"939,845"
1. 5. Menos: Valores propios ,"48,837","30,343","62,247","75,907",873,0,0,0,0,0,0,0,0,0,0,7,0,0,0,0,0,0,753,0,0,,0,0,0,0,0,0,0,0,0,0,0,"8,703",0,0,7,0,0,0,0,0,0,0,0,0,0,0,0,0,0,0,0,"227,677"
1. 6. Resultado del ejercicio ,0,0,0,0,0,0,0,0,0,0,0,0,0,0,0,0,0,0,0,0,0,0,0,0,0,,0,0,0,0,0,0,0,0,0,0,0,0,0,0,0,0,0,0,0,0,0,0,0,0,0,0,0,0,0,0,0,0
1. 7. Menos: Dividendos y retribuciones ,"223,019","684,323",0,0,"16,161",0,0,0,0,0,0,0,0,0,0,0,0,0,0,0,0,0,0,0,0,,0,0,0,0,0,0,0,0,0,0,0,0,0,0,0,0,0,0,0,0,0,0,0,0,0,0,0,0,0,0,0,"923,503"
2. AJUSTES POR VALORACIÓN ,"-724,134","-410,564","-179,570","-386,503","33,943","36,527",0,"-13,449","5,306","74,867",0,-5,"1,738",-44,"-2,564","-20,737","4,446",19,"-206,092",0,-935,5,"4,068","4,011",0,,248,"6,864",66,17,"-4,206",0,7,"10,580","4,651","3,011",29,"-1,194",0,136,"8,251",0,0,0,"-1,267","1,020",42,25,0,0,-256,0,0,0,0,0,0,"-1,751,643"
2. 1. Activos financieros disponibles para la venta ,"-94,651","-352,586","-164,627","-390,013","33,744","4,264",0,0,"5,577","3,620",0,0,"1,738",34,"-2,564","-20,737","4,446",19,"-207,952",0,-935,5,"4,068","4,011",0,,248,"6,864",66,17,"-4,206",0,7,"10,580","4,651","3,341",29,"-1,194",0,136,"8,251",0,0,0,3,"1,020",42,25,0,0,-256,0,0,0,0,0,0,"-1,142,915"
2. 2. Coberturas de los flujos de efectivo ,"13,097","-46,649","-15,256","3,510",0,"32,263",0,"-13,192",0,"71,247",0,0,0,0,0,0,0,0,"1,860",0,0,0,0,0,0,,0,0,0,0,0,0,0,0,0,-330,0,0,0,0,0,0,0,0,"-1,270",0,0,0,0,0,0,0,0,0,0,0,0,"45,280"
2. 3. Coberturas de inversiones netas en negocios en el extranjero ,"122,662",0,0,0,0,0,0,0,0,0,0,0,0,0,0,0,0,0,0,0,0,0,0,0,0,,0,0,0,0,0,0,0,0,0,0,0,0,0,0,0,0,0,0,0,0,0,0,0,0,0,0,0,0,0,0,0,"122,662"
2. 4. Diferencias de cambio ,0,"6,875",313,0,199,0,0,0,-271,0,0,0,0,0,0,0,0,0,0,0,0,0,0,0,0,,0,0,0,0,0,0,0,0,0,0,0,0,0,0,0,0,0,0,0,0,0,0,0,0,0,0,0,0,0,0,0,"7,116"
2. 5. Activos no corrientes en venta  ,0,0,0,0,0,0,0,0,0,0,0,0,0,0,0,0,0,0,0,0,0,0,0,0,0,,0,0,0,0,0,0,0,0,0,0,0,0,0,0,0,0,0,0,0,0,0,0,0,0,0,0,0,0,0,0,0,0
2. 7. Resto de ajustes por valoración ,"-765,242","-18,204",0,0,0,0,0,-257,0,0,0,-5,0,-78,0,0,0,0,0,0,0,0,0,0,0,,0,0,0,0,0,0,0,0,0,0,0,0,0,0,0,0,0,0,0,0,0,0,0,0,0,0,0,0,0,0,0,"-783,786"
TOTAL PATRIMONIO NETO ,"47,564,165","32,377,947","8,511,005","9,835,079","2,826,912","1,991,357","73,712","7,965,029","765,830","1,177,638","104,077","160,313","285,565","244,526","-10,219","446,874","299,621","284,893","403,719","20,629","125,693","141,057","104,842","90,218","368,245",,"367,505","104,843","88,139","161,658","55,621","100,905","100,838","186,480","54,114","95,885","88,005","44,688","274,585","69,378","56,807","202,945","67,561","151,604","137,319","76,521","30,784","98,310","92,293","19,946","17,978","36,697","18,626","18,023","17,915","12,340","18,432","119,025,472"
TOTAL PASIVO Y PATRIMONIO NETO ,"518,327,452","387,149,697","166,220,871","145,526,323","61,591,611","23,670,860","6,023,476","24,320,874","11,214,482","15,565,137","6,281,424","5,536,913","28,406,905","5,963,180","3,331,888","6,149,209","2,780,406","2,626,820","17,285,411","1,427,371","1,770,844","928,498","1,385,228","1,100,340","772,822",,"1,676,092","1,182,008","1,741,158","1,325,447","1,134,147","1,651,276","842,319","1,570,108","1,198,287","1,252,554","1,572,118","715,116","2,891,288","563,206","362,967","472,910","215,821","411,331","500,445","209,961","176,661","118,517","101,637","119,628","181,311","206,398","19,061","18,021","18,035","12,951","76,196","1,467,895,017"
PRO-MEMORIA,,,,,,,,,,,,,,,,,,,,,,,,,,,,,,,,,,,,,,,,,,,,,,,,,,,,,,,,,,
1. RIESGOS CONTINGENTES ,"75,882,048","53,535,238","8,938,324","16,202,847","7,672,015","1,033,236","5,117","833,129","556,542","3,029,208",4,205,"74,010","1,907","175,392","131,461","5,081","169,764","82,436",49,"184,180","27,185","42,583","16,048",0,,"6,730","1,516","26,905",0,"5,719","6,771","3,239","4,259","11,389","13,919","15,699",0,"9,968","54,413",200,"187,405","1,374",0,244,4,"1,306",0,"147,576","5,569","7,697","94,638",15,0,"1,445",0,121,"169,206,130"
2. COMPROMISOS CONTINGENTES ,"77,855,853","55,399,896","12,656,000","10,418,633","11,158,227","2,234,259",0,"9,772,168","1,201,822","1,977,396",0,"140,035","223,376","459,382","166,495","412,371","3,571,512","252,484","38,185",0,"144,377","445,764","132,259","37,987","246,083",,"47,313","30,272","102,828","1,951,747","4,210","132,454","44,405","21,988","1,934","71,892","140,139","2,813","1,758,359","68,696",0,"92,253","5,150","49,582",54,"97,369","4,187",39,0,"13,995","29,148","23,199",0,0,0,0,"6,704","193,645,294"